filename,width,height,class,xmin,ymin,xmax,ymax
image-32-_png.rf.01580045951b8806b1fe4b528cb78988.jpg,640,640,BackhandLift,198,13,559,636
clear-backhand-32-_jpg.rf.0033fe7925c7f3ce079d29dded889966.jpg,640,640,BackhandClear,278,205,418,446
clear-backhand-2-24-_jpg.rf.020818a1b16c28687468303cb06c6013.jpg,640,640,BackhandClear,289,197,443,431
clear-forehand-2-_png.rf.011a2db62b88e0211f6e466e30cb85d8.jpg,640,640,ForehandClear,200,68,403,640
Screenshot-2024-07-05-210648_png.rf.002823ecb53d0c13bb2edead34024a31.jpg,640,640,Smash,225,110,471,577
image-39-_png.rf.01d44c8d1782368d75b667a1a71c2d15.jpg,640,640,ForehandLift,40,136,379,518
image-28-_png.rf.00bf842320d28806c3d7250f641ea4f4.jpg,640,640,BackhandLift,22,76,570,576
lift-forehand-side-view-25-_jpg.rf.015ebcdbb3721aefbd8cef591c2c4f6f.jpg,640,640,ForehandLift,127,198,276,441
Image-21-_png.rf.00c0a5075a494262b2644f9ee9e89904.jpg,640,640,BackhandClear,142,172,529,595
Screenshot-2024-07-05-211616_png.rf.02caee57916b1a7637046d260728896c.jpg,640,640,ForehandLift,32,121,608,534
smash-3-_png.rf.04ac62227604a0119a74a449182b3e06.jpg,640,640,Smash,175,182,423,520
Image-7-_png.rf.037c3c9f5567dbd157126f4bd47ecbff.jpg,640,640,ForehandLift,237,116,475,518
Screenshot-2024-07-05-211423_png.rf.021a324137d5593d001ed638ded2b769.jpg,640,640,BackhandLift,209,192,571,560
Screenshot-2024-07-05-211054_png.rf.04ae57f2110d04a19fcaadc8c5b0ad14.jpg,640,640,ForehandClear,129,40,462,626
Screenshot-2024-07-06-013732_png.rf.04e69b295d782b88c4312507bd339b81.jpg,640,640,BackhandServe,215,50,469,618
Screenshot-2024-07-05-203821_png.rf.051476aa442f2112907452013de879c8.jpg,640,640,ReadyPosition,163,146,474,509
lift-backhand-side-view-28-_jpg.rf.054737d5d052d5574a7f98318b11c8cf.jpg,640,640,BackhandLift,235,275,501,441
lift-forehand-side-view-3-97-_jpg.rf.078825879c249f05b279bd487b135298.jpg,640,640,ForehandLift,11,265,196,500
Image-16-_png.rf.0734b835a4ddd9bfc2cf10d69627ba4b.jpg,640,640,ForehandLift,96,228,365,534
Image-12-_png.rf.076ac19012759dfe2639bd1a377bf1fe.jpg,640,640,ForehandClear,28,28,608,640
Image-4-_png.rf.050ca42a039a48b2985dd90c2f8e016f.jpg,640,640,BackhandClear,83,122,561,601
clear-backhand-29-_jpg.rf.03f332413f12d1b570bbb4a4fff565bf.jpg,640,640,BackhandClear,229,202,389,450
lift-forehand-side-view-3-92-_jpg.rf.054a79cf3039ef606674a3400c771464.jpg,640,640,ForehandLift,109,221,252,458
WhatsApp-Image-2024-07-06-at-2-05-11-AM_jpeg.rf.02dbaa4f4b6bf912c0deaceebe923122.jpg,640,640,ReadyPosition,308,85,488,565
lift-forehand-side-view-3-94-_jpg.rf.04586062fa2ab61dccd12ffbbdbfd402.jpg,640,640,ForehandLift,45,240,205,504
Image-41-_png.rf.066038909310d73b96d0715409d01149.jpg,640,640,Smash,106,141,450,583
Image-6-_png.rf.0517bcd2d9b1b4a3157251b6f781b9c1.jpg,640,640,ForehandLift,166,181,637,423
Image-33-_png.rf.0b1fc990adbde352e2c7bad0e9caac84.jpg,640,640,ForehandClear,226,46,491,622
Screenshot-2024-07-05-210901_png.rf.0adf7a768f88f78f73439289219e4cbc.jpg,640,640,Smash,247,98,514,576
Screenshot-2024-07-05-213342_png.rf.0af2d482c3b4dbb0943da1cf3c1c8786.jpg,640,640,BackhandClear,78,59,487,617
Image-8-_png.rf.07c825379ea9eb0f1a1d0e9afe522075.jpg,640,640,BackhandLift,159,123,601,489
lift-backhand-2-_png.rf.0aa5f1db05efd26e01231b47743aa8f0.jpg,640,640,BackhandLift,183,170,552,492
Image-46-_png.rf.0de68a6880f0453ba971bd47e05e862b.jpg,640,640,Smash,177,199,482,525
WhatsApp-Image-2024-07-06-at-2-05-01-AM_jpeg.rf.07b2d180adec2ddfbe6722c4b6e6ea07.jpg,640,640,ForehandLift,270,169,528,550
Image-7-_png.rf.036f9045a60b6b147bf5a9dc40c27ec2.jpg,640,640,Smash,62,42,522,627
Image-33-_png.rf.091787bb1ff934b5dbe231936d763d1d.jpg,640,640,ForehandLift,48,93,439,532
Image-17-_png.rf.073ad97a83705f557f50d64e35ce5f20.jpg,640,640,ForehandClear,145,14,501,633
Image-52-_png.rf.0c4c6a037fbb01f9561e34927f0d391f.jpg,640,640,Smash,187,142,489,596
Screenshot-2024-07-05-203517_png.rf.03cfab5da22794f2c8e9fb5714b5e37d.jpg,640,640,BackhandServe,174,17,466,611
Image-25-_png.rf.0943f1d7738224e2b8348a3b38e70300.jpg,640,640,ForehandClear,186,126,480,640
Image-43-_png.rf.0acddcf46ad948b8a20e2811fec24c73.jpg,640,640,Smash,209,170,399,416
Image-17-_png.rf.0e96f912a9c90a7d86cbe0ff882ba712.jpg,640,640,ForehandLift,135,189,629,621
Screenshot-2024-07-05-210059_png.rf.0d267512e5186a99374a1d8b7d3248aa.jpg,640,640,BackhandClear,141,119,519,567
Image-13-_png.rf.0cf33854e2e273ea145e41ce6548c084.jpg,640,640,BackhandClear,71,121,576,640
clear-backhand-34-_jpg.rf.0b2a327029a6173737d4ddc43837beff.jpg,640,640,BackhandClear,278,205,418,446
WhatsApp-Image-2024-07-06-at-2-05-23-AM_jpeg.rf.104db42d273c25f1403456cdea3ba059.jpg,640,640,BackhandServe,236,42,497,585
Screenshot-2024-07-05-211404_png.rf.109406138f7072e2beb41f839ec277a2.jpg,640,640,ForehandLift,237,90,543,616
WhatsApp-Image-2024-07-06-at-2-05-13-AM_jpeg.rf.0786766f55579676da4535b1271843fb.jpg,640,640,ForehandClear,176,139,378,631
Screenshot-2024-07-05-210059_png.rf.0edfe05ec29476c2c0186f264c5cf535.jpg,640,640,BackhandClear,141,119,519,567
WhatsApp-Image-2024-07-06-at-2-05-11-AM_jpeg.rf.0ea411974c6c09b324d15aaf664c1db0.jpg,640,640,ReadyPosition,308,85,488,565
Screenshot-2024-07-05-211423_png.rf.0cb4de2ab78767bce980b44c043d8083.jpg,640,640,BackhandLift,209,192,571,560
Image-2-_png.rf.0e6db61a1b588d6508ceb432e07242a6.jpg,640,640,BackhandClear,140,102,444,600
image-22-_png.rf.119892464d7c0bb56e6bbbd10912d018.jpg,640,640,BackhandLift,29,183,486,530
lift-backhand-4-_png.rf.0e12ec7bc09a7d857bfedaee84c09ebd.jpg,640,640,BackhandLift,0,153,492,491
Image-14-_png.rf.10f62e2c77c713574d4bd5198c808946.jpg,640,640,BackhandServe,131,172,445,532
Image-4-_png.rf.10a887e17707682a4105123160dd0bac.jpg,640,640,BackhandServe,39,76,624,595
WhatsApp-Image-2024-07-06-at-2-05-25-AM_jpeg.rf.0f04867e0c9dd4a781db2f81218d5f75.jpg,640,640,ReadyPosition,222,43,429,595
Screenshot-2024-07-05-213342_png.rf.11731d63ae4926dd8d5e3793de219b90.jpg,640,640,BackhandClear,78,59,487,617
Image-30-_png.rf.0f37fb501e98aab6adb4685cb7627ee8.jpg,640,640,ForehandLift,173,117,619,530
ready-2-_png.rf.134b02e3553a173762cfd6251ccaa576.jpg,640,640,ReadyPosition,36,68,555,615
ready-3-_png.rf.0fedf2f3fcb998c3312934c07525b51d.jpg,640,640,ReadyPosition,116,5,445,639
lift-backhand-side-view-17-_jpg.rf.0cc881804af99a13549a7904f7f4a51b.jpg,640,640,BackhandLift,286,219,430,503
lift-forehand-side-view-3-41-_jpg.rf.12be93b10b92053ef152edbe6e8eb2b1.jpg,640,640,ForehandLift,138,228,247,437
Image-25-_png.rf.130453e73e6fbf4b81f5c4fd1c0d33a2.jpg,640,640,ForehandClear,186,126,480,640
Screenshot-2024-07-05-203517_png.rf.12d4542dec87c5549ae2b2c5e1be4caf.jpg,640,640,BackhandServe,174,17,466,611
Screenshot-2024-07-05-211046_png.rf.15fa6653f4f8972b0498d498d68c5077.jpg,640,640,ForehandClear,163,75,451,619
clear-backhand-34-_jpg.rf.13f87dad04ba21628a623e35880cb957.jpg,640,640,BackhandClear,278,205,418,446
Image-11-_png.rf.10b523db8651d0591b258e1b8bc54fe4.jpg,640,640,ReadyPosition,146,50,626,609
Image-78-_png.rf.14bf58c058656e0954b3162cf2e1c8c5.jpg,640,640,Smash,95,52,569,587
serve-backhand-2-_png.rf.157a24039dc85c976ab341f37c88fcdf.jpg,640,640,BackhandServe,79,146,335,499
image-40-_png.rf.163a74e272d666775d0e317154ef86bb.jpg,640,640,ForehandLift,197,176,595,522
Screenshot-2024-07-05-213735_png.rf.16391c0c8c97ac8b76a5832dd9131d43.jpg,640,640,BackhandLift,141,179,543,572
Screenshot-2024-07-06-014757_png.rf.13b65a001b4609212755d0baf19e49b3.jpg,640,640,BackhandClear,156,0,573,595
Screenshot-2024-07-05-212743_png.rf.15e0a8f9bc88ccc2c0c3a786a081acd4.jpg,640,640,ReadyPosition,186,56,452,581
Screenshot-2024-07-05-203442_png.rf.0baad6ff90b03dcd657391d33b8eba1d.jpg,640,640,BackhandClear,168,49,478,575
lift-forehand-side-view-3-96-_jpg.rf.148d4a9074b52e26924037ca9e357954.jpg,640,640,ForehandLift,11,265,196,500
lift-backhand-side-view-26-_jpg.rf.16be52a9d21d7a447a2da16b03699922.jpg,640,640,BackhandLift,235,275,501,441
WhatsApp-Image-2024-07-06-at-2-05-07-AM-1-_jpeg.rf.17e514731702ad342fdb67c41051a307.jpg,640,640,ForehandClear,260,177,476,610
Image-20-_png.rf.1661730a803ef6699967191e8fa593bb.jpg,640,640,ForehandLift,190,165,636,531
WhatsApp-Image-2024-07-06-at-2-05-18-AM_jpeg.rf.192bdd1b15a4de33787e00aaa512a116.jpg,640,640,BackhandLift,190,147,521,554
Screenshot-2024-07-05-203442_png.rf.183478e26a1c9f6ede4917e79024523a.jpg,640,640,BackhandClear,168,49,478,575
Image-67-_png.rf.1712fb3fe7ff4ee3078ba72af7b38291.jpg,640,640,Smash,191,60,487,628
Image-42-_png.rf.175aeb5eab5f92de86db0464766aa566.jpg,640,640,Smash,160,82,496,554
Image-1-_png.rf.1aa1dab5f490d255a0231af439c8e342.jpg,640,640,BackhandLift,112,58,634,582
lift-forehand-head-view-23-_jpg.rf.1b2388b7e2feac0048c8bed3f728d8e3.jpg,640,640,ForehandLift,192,204,341,499
lift-forehand-head-view-49-_jpg.rf.1e541e7ce844aa7bc7a2dd4c2009e9c6.jpg,640,640,ForehandLift,208,196,357,491
image-41-_png.rf.1e72bce36bbdacf971058becd82959cf.jpg,640,640,ForehandLift,89,70,460,580
image-36-_png.rf.1fe8b177aa7ee441d1c86cecd2a0560f.jpg,640,640,ForehandLift,89,115,603,552
clear-backhand-5-_png.rf.17183580ffe7a46d1d4afa10f9713ca9.jpg,640,640,BackhandClear,88,107,523,640
Screenshot-2024-07-05-203825_png.rf.16d32ef9876540446ce66e5901cdaae8.jpg,640,640,ReadyPosition,183,108,484,616
image-24-_png.rf.1daf847395875c3372f1ef2645d699cd.jpg,640,640,BackhandLift,164,119,639,524
Image-35-_png.rf.1bfb8db312af50cf503c30f1edca30ac.jpg,640,640,BackhandClear,155,26,476,590
WhatsApp-Image-2024-07-06-at-2-05-07-AM_jpeg.rf.1f08431c59967bc42f0a55c17f7bd8a4.jpg,640,640,ForehandClear,175,205,423,623
Screenshot-2024-07-05-210102_png.rf.17082201e1f04fb0bcf9ec9892a7fd9b.jpg,640,640,ReadyPosition,192,116,516,576
Screenshot-2024-07-05-210945_png.rf.1ff387d26d52544304f2c8ff5c6113a0.jpg,640,640,BackhandServe,206,48,558,580
Image-32-_png.rf.198eb1e12f92bb454a1c4b998410a5f7.jpg,640,640,ForehandLift,173,129,632,513
lift-forehand-side-view-3-45-_jpg.rf.1cbea2b841dc60e3f5fd7c2dc3ced99e.jpg,640,640,ForehandLift,121,262,238,499
clear-backhand-5-_png.rf.2069641b6598192c3f37628e656a072a.jpg,640,640,BackhandClear,88,107,523,640
Image-43-_png.rf.169813e1fcf62f334e89f94ed1946183.jpg,640,640,Smash,209,170,399,416
lift-forehand-side-view-25-_jpg.rf.13d86a4a0c92686237f964d493cdc987.jpg,640,640,ForehandLift,127,198,276,441
clear-forehand_056_jpg.rf.2032d560478687a3f21181abb1707e74.jpg,640,640,ForehandClear,117,175,276,476
Screenshot-2024-07-05-210435_png.rf.1f7f77c833152afcaabce35f8f28b0c2.jpg,640,640,BackhandLift,235,193,575,563
Screenshot-2024-07-05-213742_png.rf.1dafd1daa65f3ca40f0eb910d69f20da.jpg,640,640,BackhandClear,249,138,523,576
WhatsApp-Image-2024-07-06-at-2-05-09-AM_jpeg.rf.21de67b7926ced5caa80f00cdac30581.jpg,640,640,BackhandServe,169,29,462,539
Image-56-_png.rf.20e5a1e02e143c87359a69740e7443c8.jpg,640,640,Smash,110,63,452,560
clear-backhand-5-_png.rf.23a06d05a2dc18d3e81c5b9cb2abf1b8.jpg,640,640,BackhandClear,88,107,523,640
Image-15-_png.rf.2344e03eb3a4780c972150fec60fbac4.jpg,640,640,BackhandServe,213,146,457,500
Image-3-_png.rf.21e1a2c97409d8d6c5b236b7022aee3e.jpg,640,640,ReadyPosition,199,1,487,638
Image-19-_png.rf.1b1a6b245860f2312988378462f7290b.jpg,640,640,ForehandLift,209,102,633,540
WhatsApp-Image-2024-07-06-at-2-05-01-AM_jpeg.rf.21c8481f48f2299c3462cc01ae901fdd.jpg,640,640,ForehandLift,270,169,528,550
WhatsApp-Image-2024-07-06-at-2-05-18-AM-1-_jpeg.rf.17d89cb85e83adbac6ed4ab5d7614ab6.jpg,640,640,BackhandLift,166,152,530,549
WhatsApp-Image-2024-07-06-at-2-05-01-AM-1-_jpeg.rf.1fe78c0d14bc5f6a004a4d9bc1ced872.jpg,640,640,BackhandClear,173,176,466,582
Image-52-_png.rf.22dae73cfd6de9dba56f4d7e2d9ad7e3.jpg,640,640,Smash,187,142,489,596
Image-7-_png.rf.1ef71c80b66c89786211f37bf86f6a20.jpg,640,640,BackhandServe,87,5,577,636
clear-forehand_057_jpg.rf.2426f7753996861d1e9bf9c5bd52808a.jpg,640,640,ForehandClear,117,175,276,476
clear-backhand-2-23-_jpg.rf.259591c4d855c5a4b4ef4336ef3a5bec.jpg,640,640,BackhandClear,296,197,443,412
WhatsApp-Image-2024-07-06-at-2-05-17-AM-1-_jpeg.rf.2295f2bb4262f40bf46b5b01e3c1bd35.jpg,640,640,BackhandLift,313,120,474,546
WhatsApp-Image-2024-07-06-at-2-05-20-AM_jpeg.rf.24cb27ea7123ad44badb6e45827879cd.jpg,640,640,ForehandLift,127,119,515,580
Screenshot-2024-07-05-203712_png.rf.23edf2748395ef09c90f3d9b3395d8c3.jpg,640,640,BackhandLift,186,39,477,533
Image-34-_png.rf.262316e3b9b2b05ec7e84d9a60841e49.jpg,640,640,ForehandLift,159,136,639,533
clear-forehand-9-_jpg.rf.25416d4baf2bb5b8b41606f1eb9eb7a8.jpg,640,640,ForehandClear,111,180,302,480
Screenshot-2024-07-05-202812_png.rf.20c1d6b2d2a162a94d2c3f3429678ef7.jpg,640,640,BackhandServe,99,47,606,587
Image-11-_png.rf.223bbf2c603b2e67c0234092f399dd13.jpg,640,640,BackhandLift,13,158,481,600
Image-46-_png.rf.271ba1bbba4daec81ceb23682d1209bd.jpg,640,640,Smash,177,199,482,525
WhatsApp-Image-2024-07-06-at-2-05-08-AM_jpeg.rf.2507e567ee13d0ffd0dc5f9f4ceb48b6.jpg,640,640,BackhandServe,202,33,454,551
Image-5-_png.rf.27cccfc8feaf91bfa99b405c5653c911.jpg,640,640,Smash,173,153,395,503
Screenshot-2024-07-06-013805_png.rf.234d239c6b63ebbd2bbe8f7db3661c42.jpg,640,640,BackhandClear,90,212,411,572
Image-51-_png.rf.2739b89af8573fbf6b8a58792b22fa47.jpg,640,640,Smash,292,165,467,465
WhatsApp-Image-2024-07-06-at-2-05-16-AM_jpeg.rf.279e838c0ec4cf20ecfd49c7be2923e3.jpg,640,640,ForehandClear,192,154,366,623
clear-backhand-34-_jpg.rf.28f7871c3f5fda207b37c1e92c74cbd1.jpg,640,640,BackhandClear,278,205,418,446
Image-27-_png.rf.26c5bdfd8d4d141cf76e17ecf9e0fb51.jpg,640,640,ForehandClear,192,69,440,640
lift-forehand-side-view-3-97-_jpg.rf.21698a933b2c242f8f5c83b856205b97.jpg,640,640,ForehandLift,11,265,196,500
Image-12-_png.rf.262d3681b8c11eede6e7f88a6733517d.jpg,640,640,BackhandClear,40,60,609,640
Image-21-_png.rf.26e9751b711cf4f5e33ca62c8a1aa623.jpg,640,640,BackhandClear,142,172,529,595
Image-15-_png.rf.2976380e9a530b898897f5e0ff1c8f7d.jpg,640,640,BackhandClear,61,21,591,640
Image-62-_png.rf.28ca48b6215a68d1aa63a847bb2b068b.jpg,640,640,Smash,106,187,530,538
ready-1-_png.rf.2833e9c20b10cf37426c5a75e1c229b2.jpg,640,640,ReadyPosition,170,85,410,613
image-22-_png.rf.289727c30e606381df5e51e2176f53b9.jpg,640,640,BackhandLift,29,183,486,530
Screenshot-2024-07-05-203047_png.rf.296f16ca615e377ef54898729610670e.jpg,640,640,ReadyPosition,163,39,434,604
WhatsApp-Image-2024-07-06-at-2-05-16-AM_jpeg.rf.2345a45b923766de80d44d2bab09f22f.jpg,640,640,ForehandClear,192,154,366,623
Image-16-_png.rf.2abab52d59e15b25c812412428d71bfe.jpg,640,640,BackhandClear,19,79,589,554
Image-30-_png.rf.29c7487889dee94ec016b320c1e35666.jpg,640,640,ForehandClear,222,2,413,597
Image-14-_png.rf.294d4d176a098f903c469cb68a3223f3.jpg,640,640,ReadyPosition,295,159,487,474
clear-backhand-2-24-_jpg.rf.2d337c25585680b66c76ca75f9227ec2.jpg,640,640,BackhandClear,289,197,443,431
Screenshot-2024-07-05-203627_png.rf.2bd4fd273fecce6161a2bc5e12e8d4f3.jpg,640,640,ForehandLift,130,126,496,541
WhatsApp-Image-2024-07-06-at-2-05-25-AM_jpeg.rf.2b4ec9e527c694364cd11899319ccff4.jpg,640,640,ReadyPosition,222,43,429,595
Image-13-_png.rf.2d177096b5b2906ed0368b5465d302a7.jpg,640,640,ForehandLift,60,55,475,588
clear-backhand-2-26-_jpg.rf.2d049fe7c97b0ae35970719073711fe3.jpg,640,640,BackhandClear,278,160,443,431
Image-27-_png.rf.210ff0ebdabf0b3b11c835366dcd3f54.jpg,640,640,Smash,217,22,433,608
Image-18-_png.rf.2d4370b9db1adc1add71ac3173b2ee48.jpg,640,640,BackhandClear,26,138,560,535
lift-forehand-side-view-3-92-_jpg.rf.2bd82ce0f88a655d3808b5a6ffb26e89.jpg,640,640,ForehandLift,109,221,252,458
Screenshot-2024-07-05-203825_png.rf.2cff9efd7a55e2608f0904020ded5736.jpg,640,640,ReadyPosition,183,108,484,616
Screenshot-2024-07-05-203627_png.rf.2e69826f6fcda6c7a2c8ef4b3b6f5827.jpg,640,640,ForehandLift,130,126,496,541
Image-5-_png.rf.2b99ffef2a9f38a05959196acc76e4d8.jpg,640,640,ForehandLift,17,75,497,552
clear-backhand-2-_png.rf.2d41206f93aef1a92c84f6b3418195f4.jpg,640,640,BackhandClear,117,182,494,605
Screenshot-2024-07-06-013805_png.rf.2f581afd2b01976be0f16c989c35c874.jpg,640,640,BackhandClear,90,212,411,572
Image-4-_png.rf.2c08bba61a8b5689fe0d4c7ef32c140f.jpg,640,640,ForehandClear,148,152,488,610
Image-42-_png.rf.2d5bf092d78cc77bb7fb541e7e2ec2ee.jpg,640,640,Smash,160,82,496,554
WhatsApp-Image-2024-07-06-at-2-05-13-AM_jpeg.rf.3219ffc247bf2cde07ade7408086b3d0.jpg,640,640,ForehandClear,176,139,378,631
WhatsApp-Image-2024-07-06-at-2-05-18-AM-1-_jpeg.rf.3244b709b2cd684b6e9445611f64a427.jpg,640,640,BackhandLift,166,152,530,549
Screenshot-2024-07-05-210059_png.rf.2e5d96ae58a1640a95dd1ce474e04504.jpg,640,640,BackhandClear,141,119,519,567
Image-2-_png.rf.30725226c4bcabc83d053239b8a373ef.jpg,640,640,BackhandClear,140,102,444,600
lift-forehand-head-view-22-_jpg.rf.310454f6ac80d07ce7a75bcaef7d30ea.jpg,640,640,ForehandLift,192,204,341,499
lift-backhand-2-_png.rf.305ce36a2409a3e156fb4e33b7e21913.jpg,640,640,BackhandLift,183,170,552,492
WhatsApp-Image-2024-07-06-at-2-05-07-AM_jpeg.rf.358b9606bdf5e5d4180bdaa15acba250.jpg,640,640,ForehandClear,175,205,423,623
Image-79-_png.rf.2b781e710caa03afb9e8d62bef6ca648.jpg,640,640,Smash,75,39,567,590
clear-backhand-28-_jpg.rf.2fc169cd68d7a2fb1123a0057b721ad1.jpg,640,640,BackhandClear,229,202,389,450
Image-56-_png.rf.2b5453f9ef7d65dc5955bb5e45d0e5cf.jpg,640,640,Smash,110,63,452,560
WhatsApp-Image-2024-07-06-at-2-05-07-AM-2-_jpeg.rf.2b0a66527e52a9f387609629f274541b.jpg,640,640,ForehandClear,190,208,436,606
Image-2-_png.rf.33a923ad99ce23460cad5470d9f2f635.jpg,640,640,Smash,157,80,474,612
Screenshot-2024-07-05-203047_png.rf.31a33386eba1b3fb5372ef93de74db2c.jpg,640,640,ReadyPosition,163,39,434,604
Image-12-_png.rf.2f683fe173d5ad86c5ec1e3c0a8bd85f.jpg,640,640,ForehandLift,79,98,428,551
Image-13-_png.rf.36fb35deb40ea4939721b8fe7447ae19.jpg,640,640,ReadyPosition,120,11,507,630
Screenshot-2024-07-05-211307_png.rf.339f3e87d39e3ff5a9fcdb6bd1766101.jpg,640,640,ForehandClear,219,78,482,568
lift-forehand-side-view-3-96-_jpg.rf.316423c61c16fd1c0ef4f363e3b70971.jpg,640,640,ForehandLift,11,265,196,500
lift-backhand-side-view-15-_jpg.rf.313cecee9a2375daf63b5f57ecb2877c.jpg,640,640,BackhandLift,275,188,423,461
Image-42-_png.rf.354897d051caa76e64da66fa82fba4a2.jpg,640,640,Smash,160,82,496,554
Image-10-_png.rf.34b7e373ec3e1179d714a178f77711f0.jpg,640,640,BackhandServe,6,55,622,627
Image-58-_png.rf.35f6854a038410cab1e8956e525a8ce2.jpg,640,640,Smash,229,199,478,466
Image-24-_png.rf.3097756856a59c76f75cf4bbc38336fe.jpg,640,640,BackhandClear,15,68,613,583
lift-forehand-side-view-3-42-_jpg.rf.38c2c9a8943737039b93ec63411a8ff9.jpg,640,640,ForehandLift,138,228,247,437
Image-12-_png.rf.3889e5f37e30d6f942ee9a5b3e63753c.jpg,640,640,BackhandClear,40,60,609,640
Screenshot-2024-07-05-210000_png.rf.390b806a22d3ecad6c0173523a2e1127.jpg,640,640,BackhandClear,204,129,506,572
Image-9-_png.rf.3730310d8fbace308c88596cf663c77c.jpg,640,640,BackhandClear,78,153,585,624
Image-27-_png.rf.3807b10f3461c3cf7451afe6292fe847.jpg,640,640,ForehandClear,192,69,440,640
lift-forehand-side-view-24-_jpg.rf.31c20d41638e40079067223f6d71774f.jpg,640,640,ForehandLift,115,182,264,425
clear-backhand-32-_jpg.rf.3935787b97ba53a2eaaf8a20939830d4.jpg,640,640,BackhandClear,278,205,418,446
lift-forehand-side-view-3-42-_jpg.rf.3a9e6cfe1f567bacda6ea274db54e1a7.jpg,640,640,ForehandLift,138,228,247,437
WhatsApp-Image-2024-07-06-at-2-05-02-AM_jpeg.rf.3403c54b5b6865648664585847261341.jpg,640,640,BackhandClear,206,168,405,560
WhatsApp-Image-2024-07-06-at-2-05-20-AM_jpeg.rf.3a36eea55270ed12ea341d6ad2855b4b.jpg,640,640,ForehandLift,127,119,515,580
Image-71-_png.rf.39daae24ee5121c294f276721dfa2517.jpg,640,640,Smash,110,226,442,514
Screenshot-2024-07-05-205655_png.rf.3e1228102dc9c5d62ec3400ed9fb1622.jpg,640,640,BackhandLift,206,90,523,592
WhatsApp-Image-2024-07-06-at-2-05-26-AM_jpeg.rf.3af766f8e2993061971ad0a564efb446.jpg,640,640,BackhandServe,237,79,483,605
lift-forehand-side-view-3-45-_jpg.rf.3839b1bc43f27593ff9f710207c91ae9.jpg,640,640,ForehandLift,121,262,238,499
Image-27-_png.rf.3aa33db2d6539d37892b68bb6650758b.jpg,640,640,Smash,217,22,433,608
WhatsApp-Image-2024-07-06-at-2-05-02-AM_jpeg.rf.3bc9cbf09f77d4ce1999083da0f13bdb.jpg,640,640,BackhandClear,206,168,405,560
lift-backhand-side-view-26-_jpg.rf.3ab8f7bb2fe14e7d5fcab3dab96c3255.jpg,640,640,BackhandLift,235,275,501,441
Image-8-_png.rf.34f980f11988763beaf6434db1e07aeb.jpg,640,640,BackhandLift,159,123,601,489
Image-27-_png.rf.3b83372d930b30ed1d7c76a8f4d92d25.jpg,640,640,ForehandLift,25,112,445,534
Image-20-_png.rf.3838d463d89b2b899037fa51cf3af20b.jpg,640,640,ForehandLift,190,165,636,531
Screenshot-2024-07-05-213742_png.rf.3a9eb2c4181c68f3a65afed4cf15aa3b.jpg,640,640,BackhandClear,249,138,523,576
Image-20-_png.rf.3b5165efdb3d202a759ca655b8aeca1c.jpg,640,640,ForehandClear,204,15,434,633
WhatsApp-Image-2024-07-06-at-2-05-06-AM_jpeg.rf.3d30888a3566794fb7024bcfad977b00.jpg,640,640,ForehandClear,144,197,378,611
Image-52-_png.rf.3aac06d8fc2de3a84b878e90fad0a35d.jpg,640,640,Smash,187,142,489,596
Image-7-_png.rf.3e303d35cc01d9e7358cea62d9b7b436.jpg,640,640,BackhandClear,213,196,429,483
Image-3-_png.rf.39764d0de0b8577befc6028c80b4985c.jpg,640,640,ReadyPosition,199,1,487,638
smash-4-_png.rf.3e0094eb178a07ec5236ccd6e05a800b.jpg,640,640,Smash,168,122,509,593
Image-1-_png.rf.3d28232f0785e37d3bc4214b963d3a67.jpg,640,640,BackhandServe,159,36,474,588
clear-backhand-4-_png.rf.3cecd93c7de120851bba952d2a768195.jpg,640,640,BackhandClear,89,114,471,554
Screenshot-2024-07-05-203828_png.rf.39ed4742c8b3fd1c491aedea2e251a25.jpg,640,640,ReadyPosition,278,119,532,524
Image-3-_png.rf.3c8bb534c1d11feaf76e3c29a717b555.jpg,640,640,ForehandClear,233,189,452,515
Image-4-_png.rf.3e66d95e3f349e97cfd1f55f26b9d27d.jpg,640,640,BackhandServe,39,76,624,595
WhatsApp-Image-2024-07-06-at-2-05-19-AM_jpeg.rf.8d4a5016c5423e8f23914b552b6b8c43.jpg,640,640,ForehandClear,229,165,391,596
clear-forehand-1-_png.rf.8bb703e22d9f56eaa2f3c5f21e073e28.jpg,640,640,ForehandClear,170,132,378,494
Image-1-_png.rf.8ee71e41fb675d042054878c41ffcabb.jpg,640,640,BackhandServe,159,36,474,588
Image-65-_png.rf.8aece53d651b934ef0307fdb8e87cb96.jpg,640,640,Smash,125,112,536,570
Screenshot-2024-07-05-203712_png.rf.891cbbac0392a2ea200a00483ad77336.jpg,640,640,BackhandLift,186,39,477,533
Screenshot-2024-07-05-211046_png.rf.90e4d0115a76ef4cd85e289b31de44e4.jpg,640,640,ForehandClear,163,75,451,619
image-28-_png.rf.8b5b985f56d6b8bd3cb6d859ff831a25.jpg,640,640,BackhandLift,22,76,570,576
Image-2-_png.rf.8f92583f2591e8e5244ba5b4de781eb7.jpg,640,640,ForehandLift,89,103,637,548
Image-30-_png.rf.912f03fa4064c7e441a0f85f07c4f907.jpg,640,640,Smash,161,15,447,624
Image-1-_png.rf.8b777e602c80fcef2864b24e8a984dbd.jpg,640,640,BackhandLift,112,58,634,582
lift-forehand-side-view-3-93-_jpg.rf.9067478db2045d099d3536fdf9be1269.jpg,640,640,ForehandLift,88,221,232,458
clear-backhand-2-20-_jpg.rf.916b2ee849ca3dc3dfe9ab3b03bd5fba.jpg,640,640,BackhandClear,296,197,443,412
Image-15-_png.rf.91ef676e6bac6ced8714c2b076d6c39b.jpg,640,640,ReadyPosition,262,2,515,601
lift-backhand-side-view-14-_jpg.rf.916e0dd7afa114b94835ae77b018c69c.jpg,640,640,BackhandLift,249,174,417,430
Image-2-_png.rf.91f99e8349c2d5a863cfca2dbfee0702.jpg,640,640,ForehandClear,126,150,454,636
Image-10-_png.rf.92b4060a057bf4bab972aba1291a7830.jpg,640,640,ForehandClear,144,12,488,638
WhatsApp-Image-2024-07-06-at-2-05-02-AM_jpeg.rf.8b9713cfb14db283fe7a5d4a229518bf.jpg,640,640,BackhandClear,206,168,405,560
lift-backhand-4-_png.rf.891b5b4cb0af9b11e66b4ecb034d78c0.jpg,640,640,BackhandLift,0,153,492,491
Image-12-_png.rf.906dc213aada507a8cda2d62bab5576f.jpg,640,640,ForehandLift,79,98,428,551
Image-11-_png.rf.92e33bbbf36554b7f4946587a1e98ba2.jpg,640,640,ForehandLift,0,79,585,561
Screenshot-2024-07-05-203821_png.rf.97307a399a5ac73415b3923fb1d1d060.jpg,640,640,ReadyPosition,163,146,474,509
Screenshot-2024-07-06-014757_png.rf.8d7d6eadb9656cd6f17b8d452e072d75.jpg,640,640,BackhandClear,156,0,573,595
image-36-_png.rf.899f53104e3ba300d870df987f86a81d.jpg,640,640,ForehandLift,89,115,603,552
Image-64-_png.rf.922bc00f4022f8c7dee31eb7aae7725f.jpg,640,640,Smash,153,112,402,371
Screenshot-2024-07-05-205732_png.rf.891d46a0d0d05cba6d811798e3433de4.jpg,640,640,BackhandServe,266,100,523,586
Image-19-_png.rf.96c0269b040f05f7e757d39569b5c0ce.jpg,640,640,ForehandClear,198,38,414,631
Image-36-_png.rf.93953a6c11876ee425bb230713308f88.jpg,640,640,ForehandClear,130,23,416,626
clear-backhand-29-_jpg.rf.8cd3862f4cb6a744d6d0b6b6bcddb99e.jpg,640,640,BackhandClear,229,202,389,450
Screenshot-2024-07-05-203902_png.rf.977a9f016f2e1477194f017addb2c5ee.jpg,640,640,ReadyPosition,158,62,500,562
Screenshot-2024-07-05-203902_png.rf.969050fdc0c28c3aa737c6becb4b8fb3.jpg,640,640,ReadyPosition,158,62,500,562
Screenshot-2024-07-06-013805_png.rf.89b003ba891ac8736604e8b98463856d.jpg,640,640,BackhandClear,90,212,411,572
Screenshot-2024-07-05-211454_png.rf.94bde9b400e42e2c8757e3eb115d65af.jpg,640,640,BackhandServe,268,95,544,599
WhatsApp-Image-2024-07-06-at-2-05-11-AM-1-_jpeg.rf.8a586d868474a1cbf283cec5a84fdaf6.jpg,640,640,ReadyPosition,251,116,440,570
Image-66-_png.rf.965cc36f16d8ec7e92e9d586b8ec469f.jpg,640,640,Smash,186,136,470,501
Image-46-_png.rf.8b2823ba925aa135d7ebb3334ad0584c.jpg,640,640,Smash,177,199,482,525
Screenshot-2024-07-05-203817_png.rf.97aa482202b973fe5797d6cf030051c9.jpg,640,640,BackhandServe,175,118,436,550
WhatsApp-Image-2024-07-06-at-2-05-07-AM-2-_jpeg.rf.92fea0ebbe3f8ce8cf8ac29d06191ff1.jpg,640,640,ForehandClear,190,208,436,606
Image-49-_png.rf.97aaf4135fe1feb97a1051a5b8b0f191.jpg,640,640,Smash,197,68,409,480
Image-22-_png.rf.9836566b2a79854f65dfedc8a4b6ba07.jpg,640,640,ForehandClear,215,26,427,630
image-39-_png.rf.92ff9d00f95724d335968c99f0539ac8.jpg,640,640,ForehandLift,40,136,379,518
Image-19-_png.rf.984dc0169e993c4d8800c44d2e116848.jpg,640,640,ForehandClear,198,38,414,631
Screenshot-2024-07-05-203828_png.rf.9731e0cb58b35c259c64dca423cdd9e8.jpg,640,640,ReadyPosition,278,119,532,524
Screenshot-2024-07-05-202755_png.rf.98c3a8fbfbaf6d51a9ed486c74638b35.jpg,640,640,Smash,249,65,471,446
Image-30-_png.rf.8e47823eb63b8ae131a5ce654be1f291.jpg,640,640,ForehandClear,222,2,413,597
Image-32-_png.rf.99662caff65e3cf0442c502fade88b4d.jpg,640,640,BackhandClear,110,104,495,640
Screenshot-2024-07-05-212429_png.rf.995349d8f1b61744ea428b9b2525fe03.jpg,640,640,Smash,115,35,388,621
WhatsApp-Image-2024-07-06-at-2-05-09-AM_jpeg.rf.95e6d7c24fc356f5770f16b45497fddc.jpg,640,640,BackhandServe,169,29,462,539
Image-35-_png.rf.9a9574063f461f874c00cad0664b2fab.jpg,640,640,ForehandLift,163,22,619,592
Image-33-_png.rf.9808bb85d4ea2e14ad19f55c48d889db.jpg,640,640,ForehandClear,226,46,491,622
image-27-_png.rf.9aa11a74ef108006b0417c36a1498864.jpg,640,640,BackhandLift,102,95,542,561
lift-forehand-side-view-56-_jpg.rf.8c2ca5a7c5deb1d30b639acac3b022ea.jpg,640,640,ForehandLift,136,229,332,486
Image-24-_png.rf.9a4e5503bb8bb9461ebe0f87d04a77d3.jpg,640,640,BackhandClear,15,68,613,583
lift-backhand-side-view-24-_jpg.rf.8e7b06e79a9e15babff71241e49cca45.jpg,640,640,BackhandLift,226,259,448,446
Image-9-_png.rf.9b73bbed4301a2cfb674e6c3656e72d7.jpg,640,640,ForehandClear,163,45,483,627
WhatsApp-Image-2024-07-06-at-2-05-00-AM_jpeg.rf.8e0fa5a92e8b84bcdc6ce67f4a0d75fa.jpg,640,640,BackhandLift,232,153,396,525
Image-31-_png.rf.98776d9e9fe02a7ff304401d2f4db983.jpg,640,640,ForehandClear,158,0,492,640
Image-51-_png.rf.9b6a52e0c8e3adce36e3c1a17f119b6c.jpg,640,640,Smash,292,165,467,465
Image-80-_png.rf.8bd44f4a24f0c140e170f92d10a3cd19.jpg,640,640,Smash,129,15,499,585
Screenshot-2024-07-05-212429_png.rf.899843f2743e46afac0754cadcb9434f.jpg,640,640,Smash,115,35,388,621
Image-5-_png.rf.9c13f18c1c57f8674973e5c92c57daba.jpg,640,640,ForehandLift,17,75,497,552
lift-backhand-side-view-24-_jpg.rf.9e598ec619a1d391ea0cde58df613291.jpg,640,640,BackhandLift,226,259,448,446
image-22-_png.rf.9f5827012fcd77877ba77ee88a0e6631.jpg,640,640,BackhandLift,29,183,486,530
Image-4-_png.rf.9fb262b382e20b681fd9b29b6571afbd.jpg,640,640,ForehandLift,167,82,611,546
Image-11-_png.rf.9ee9664fe8e5e08d4d17f2d18f5d5e6c.jpg,640,640,Smash,145,126,499,582
Screenshot-2024-07-05-211454_png.rf.9c5c780a29faf701bccce29fb3d27fc1.jpg,640,640,BackhandServe,268,95,544,599
Image-37-_png.rf.9fb31e6a6fbbed4f36333d45b0ff1f2a.jpg,640,640,ForehandClear,162,52,507,605
Screenshot-2024-07-05-203330_png.rf.9ebd1d93884f458cba1a7ee8976e41ee.jpg,640,640,ReadyPosition,221,62,494,613
WhatsApp-Image-2024-07-06-at-2-05-07-AM_jpeg.rf.9f363534b69db03bf1066b4a384e6cee.jpg,640,640,ForehandClear,175,205,423,623
Image-20-_png.rf.9fdb652258325da4433e32ecbc7e50a6.jpg,640,640,ForehandClear,204,15,434,633
WhatsApp-Image-2024-07-06-at-2-05-01-AM-1-_jpeg.rf.9c868301e4a2b0bc0eb09ad62fd7ae42.jpg,640,640,BackhandClear,173,176,466,582
lift-backhand-side-view-58-_jpg.rf.9f0e90dc380bcee68a60a31985de032f.jpg,640,640,BackhandLift,193,213,396,462
Image-23-_png.rf.9bee3c6fe2319a46bd1f8380db6b6e6e.jpg,640,640,ForehandClear,155,53,492,624
serve-backhand-3-_png.rf.a0d165faaa73739c217fc28d5dbd5072.jpg,640,640,BackhandServe,149,6,508,609
Image-19-_png.rf.a0c8107498198375fb2994dedffcd8dd.jpg,640,640,BackhandClear,197,142,386,515
WhatsApp-Image-2024-07-06-at-2-05-06-AM-1-_jpeg.rf.a066d49b98093a3ce51e48af009e4db6.jpg,640,640,ForehandLift,209,142,484,510
clear-forehand_055_jpg.rf.a24425655570dce48e4d672ab2f175f4.jpg,640,640,ForehandClear,117,175,276,476
Image-50-_png.rf.a69d09d77b1392512842d75404c453ca.jpg,640,640,Smash,173,192,514,552
Screenshot-2024-07-05-203902_png.rf.a37946b98063230aa78fda1ea6dbc102.jpg,640,640,ReadyPosition,158,62,500,562
image-40-_png.rf.9f7761e624db5f6b3f63eee41de30d5e.jpg,640,640,ForehandLift,197,176,595,522
lift-backhand-side-view-28-_jpg.rf.9f76bb07819f23cb9c735fecd2fc8899.jpg,640,640,BackhandLift,235,275,501,441
WhatsApp-Image-2024-07-06-at-2-05-17-AM-1-_jpeg.rf.a1023779f13c639952f464e5f38c4a16.jpg,640,640,BackhandLift,313,120,474,546
Image-7-_png.rf.9bf96a975d4c4d8ec6d46cf017d64677.jpg,640,640,BackhandClear,213,196,429,483
Screenshot-2024-07-05-211731_png.rf.a4734ef2a2d6c886ae435e691853828a.jpg,640,640,Smash,249,146,525,598
Screenshot-2024-07-05-211046_png.rf.a170002647d88a979b5d04a6a3372ca5.jpg,640,640,ForehandClear,163,75,451,619
image-25-_png.rf.a73a26b0efdd33e5c78bf731b45a7eab.jpg,640,640,BackhandLift,296,125,540,548
ready-3-_png.rf.a532817454cc623768c1d4775a952916.jpg,640,640,ReadyPosition,116,5,445,639
Image-47-_png.rf.a4183ec11b44fecea129ab197620ad3c.jpg,640,640,Smash,186,146,529,540
Image-20-_png.rf.a64664c879fb9d7c676c70f97e2234d9.jpg,640,640,ForehandClear,204,15,434,633
lift-forehand-side-view-55-_jpg.rf.9eaf4223bf6dd5af765daedd757c0cc4.jpg,640,640,ForehandLift,116,224,312,481
Image-38-_png.rf.a393dce37f5cb8b1d773e41002429ba4.jpg,640,640,ForehandClear,118,73,520,617
lift-backhand-side-view-56-_jpg.rf.a7821e0790cd581eca2de787f925edee.jpg,640,640,BackhandLift,213,216,417,465
Image-29-_png.rf.a749a26936c24fd77b948082f2be8c07.jpg,640,640,ForehandClear,106,49,507,614
Screenshot-2024-07-05-212429_png.rf.a6a267327ad7d93e6b4462dfea37cc8a.jpg,640,640,Smash,115,35,388,621
Image-21-_png.rf.a74912bbb284c6bf78e69799849716cd.jpg,640,640,ForehandLift,23,113,491,537
clear-forehand-2-_png.rf.a81d21d12fa6c19eb9df3981f81a74a9.jpg,640,640,ForehandClear,200,68,403,640
Screenshot-2024-07-05-211054_png.rf.a18457aa8c6c24fda1cce4eeed2c1600.jpg,640,640,ForehandClear,129,40,462,626
image-23-_png.rf.a916fb973cf1e35115925e8045048bb0.jpg,640,640,BackhandLift,251,193,430,471
lift-backhand-side-view-17-_jpg.rf.a52cce6f50375ca80b2ddbfc273959ff.jpg,640,640,BackhandLift,286,219,430,503
Image-8-_png.rf.aa8a9a2a10b89b996419c2f2d5b63bc8.jpg,640,640,BackhandClear,159,7,487,635
Image-16-_png.rf.aabcf589e583dfcec30a8fcc215f6908.jpg,640,640,BackhandClear,19,79,589,554
Image-31-_png.rf.a99a008a14f2b5e2a0ce944ef6726bc4.jpg,640,640,ForehandLift,103,89,495,498
lift-forehand-side-view-3-44-_jpg.rf.9fd686b30452fe3a13236c020447038f.jpg,640,640,ForehandLift,109,262,226,499
Image-37-_png.rf.a753abb1f297b860268b9c0258440da1.jpg,640,640,ForehandClear,162,52,507,605
clear-backhand-32-_jpg.rf.abe05081ee7ac37ac2c06a51f860e6e7.jpg,640,640,BackhandClear,278,205,418,446
Image-20-_png.rf.a972f31f2e57c616afa29e40290caaac.jpg,640,640,BackhandLift,52,92,449,524
Image-7-_png.rf.a9e639b7e77f8a875f79579ef0fedbfc.jpg,640,640,ForehandClear,220,161,385,465
Screenshot-2024-07-05-210901_png.rf.ac381edba9729844357c7ec17931b397.jpg,640,640,Smash,247,98,514,576
Image-12-_png.rf.af3a3d0642391b06bbccda5907710516.jpg,640,640,BackhandClear,40,60,609,640
WhatsApp-Image-2024-07-06-at-2-05-25-AM_jpeg.rf.afd4a826fece9444b932179eb2cfe4ea.jpg,640,640,ReadyPosition,222,43,429,595
Image-6-_png.rf.b02bf8fe671022de2332487031fb31e7.jpg,640,640,BackhandServe,159,5,502,625
Image-12-_png.rf.b0c8c9764ca96859104306f3089f6191.jpg,640,640,ForehandClear,28,28,608,640
Image-2-_png.rf.a7a7a21ab177a10245372a34e417fcb9.jpg,640,640,ForehandClear,126,150,454,636
Screenshot-2024-07-05-213735_png.rf.ad83271a7661b89c095e2ec4f43af11a.jpg,640,640,BackhandLift,141,179,543,572
lift-backhand-side-view-56-_jpg.rf.a226182b7c9544b55ee3dc98653c2f86.jpg,640,640,BackhandLift,213,216,417,465
Image-19-_png.rf.b0568294113bd34e7ee536ea821943ba.jpg,640,640,ForehandLift,209,102,633,540
Image-5-_png.rf.b1d1fe28e084be1b560ee6a4d35698eb.jpg,640,640,Smash,173,153,395,503
Image-4-_png.rf.afde5d64315c0a50fbc0655856257c3e.jpg,640,640,BackhandLift,39,107,453,537
Image-28-_png.rf.b072d797a9a289d7b6dff2c204190388.jpg,640,640,ForehandClear,232,28,456,633
WhatsApp-Image-2024-07-06-at-2-05-10-AM-1-_jpeg.rf.aedda444ac150779f67fa3091e2b2e94.jpg,640,640,ForehandClear,288,176,496,603
Image-12-_png.rf.ad93a9dae63b0e3e5157f709df9c6577.jpg,640,640,Smash,178,71,438,640
WhatsApp-Image-2024-07-06-at-2-05-07-AM-1-_jpeg.rf.b58fe78b5cbac856ce2a6cdfcc07a8c2.jpg,640,640,ForehandClear,260,177,476,610
lift-backhand-3-_png.rf.aa982399c8a0ff3b3b95052b1f21562f.jpg,640,640,BackhandLift,116,193,488,541
Image-22-_png.rf.b3cd7a14e435a0ca3e1446d1d68fbc2b.jpg,640,640,ForehandClear,215,26,427,630
image-32-_png.rf.b12e7cd7281e7d27fb16e04595133f82.jpg,640,640,BackhandLift,198,13,559,636
smash-4-_png.rf.b2f06440b0dec96fd8cb0d2b6c5d4760.jpg,640,640,Smash,168,122,509,593
Screenshot-2024-07-05-211423_png.rf.b035c49d3097ce66ea0084728ffd363a.jpg,640,640,BackhandLift,209,192,571,560
Image-14-_png.rf.b576d5b3362646bf1c651b7207d7b00a.jpg,640,640,ReadyPosition,295,159,487,474
smash-4-_png.rf.acdf165baecf3094fe7f6029bccc9aa4.jpg,640,640,Smash,168,122,509,593
Screenshot-2024-07-05-203627_png.rf.b4ef615429a6e968cb77b55dfe44bb5f.jpg,640,640,ForehandLift,130,126,496,541
Screenshot-2024-07-05-211404_png.rf.b1eba1636538db958e274309e555edab.jpg,640,640,ForehandLift,237,90,543,616
Image-14-_png.rf.b383b4df7479397b1a9bb21cbe46fde4.jpg,640,640,BackhandServe,131,172,445,532
Image-9-_png.rf.b48cba27fe4de6695ff84a37b7476ac1.jpg,640,640,BackhandClear,78,153,585,624
Image-80-_png.rf.b70b6ec904e9319f8e7db85a16f452ac.jpg,640,640,Smash,129,15,499,585
Image-9-_png.rf.b6d69b52acb13276401ee3345c86a27a.jpg,640,640,BackhandServe,135,0,508,635
Screenshot-2024-07-05-213801_png.rf.b21e5748e4fb0747784d8a10ef2dd8e4.jpg,640,640,BackhandClear,161,182,439,600
clear-backhand-4-_png.rf.b5d682d3e4969e1e8f88b61a9b27b6e9.jpg,640,640,BackhandClear,89,114,471,554
Image-4-_png.rf.b64fb76aae1c0db62e8c73fef2858aa8.jpg,640,640,ForehandLift,167,82,611,546
lift-forehand-head-view-48-_jpg.rf.b15d43bc13395b413a7d4060953848b4.jpg,640,640,ForehandLift,192,196,341,491
Image-17-_png.rf.b7160c8ac03a1cd4022430ad69236eed.jpg,640,640,ForehandClear,145,14,501,633
Image-1-_png.rf.b7d3e7b5a1ae54c883efca0a3e3c5087.jpg,640,640,ForehandLift,170,110,602,532
Screenshot-2024-07-05-203712_png.rf.b88d901d947adb51cffa919cd228b215.jpg,640,640,BackhandLift,186,39,477,533
clear-forehand_056_jpg.rf.b7ba41650bb9c0876f2d2dd971f54c93.jpg,640,640,ForehandClear,117,175,276,476
Screenshot-2024-07-06-014832_png.rf.b72f1259eeb49b9b581d97ade25534d3.jpg,640,640,ForehandClear,162,56,476,633
Screenshot-2024-07-05-211736_png.rf.b8eb557b0063e093489001785c63eeb9.jpg,640,640,Smash,280,72,572,577
Image-9-_png.rf.b852e1575939b26440518b7676864e43.jpg,640,640,ForehandClear,163,45,483,627
Image-27-_png.rf.b5923b9983178c499880932c7d2c1525.jpg,640,640,Smash,217,22,433,608
Image-70-_png.rf.b9691c8a6359603fbdf9efd851f9793c.jpg,640,640,Smash,186,20,526,619
Image-75-_png.rf.b83db1b50b5f20f243ab8a1bd89553cc.jpg,640,640,Smash,180,153,480,460
WhatsApp-Image-2024-07-06-at-2-05-11-AM-1-_jpeg.rf.b71689578335560e010e3b8bb56ce544.jpg,640,640,ReadyPosition,251,116,440,570
lift-backhand-side-view-26-_jpg.rf.b8c396d1eb915273859230cebc92690d.jpg,640,640,BackhandLift,235,275,501,441
Image-4-_png.rf.bd25dc5726d9b2175e1ede31d87a71b0.jpg,640,640,BackhandServe,39,76,624,595
WhatsApp-Image-2024-07-06-at-2-05-26-AM_jpeg.rf.b381531a7163a869fcc4dbe43706b1cd.jpg,640,640,BackhandServe,237,79,483,605
Image-18-_png.rf.b771d336b6d43e622f81075c1f727c1d.jpg,640,640,BackhandLift,189,156,598,499
Screenshot-2024-07-05-211736_png.rf.b8cc35262bdcccd32a98762849e87144.jpg,640,640,Smash,280,72,572,577
Image-18-_png.rf.b96bea4a7401864616e095bd301ac2c8.jpg,640,640,ForehandClear,206,106,424,635
Image-49-_png.rf.ba8d6f74f8bf1b5a0cdd39c4c6eb3c91.jpg,640,640,Smash,197,68,409,480
WhatsApp-Image-2024-07-06-at-2-05-20-AM-1-_jpeg.rf.b7f170a4038da093f1ad0a7d6bae7ce6.jpg,640,640,ForehandLift,187,130,403,617
WhatsApp-Image-2024-07-06-at-2-05-10-AM_jpeg.rf.ba122114c13f1062837b9ca14b4bc7d3.jpg,640,640,BackhandServe,237,50,505,584
Image-12-_png.rf.bc856ec12a04e9a363bb0b3ff5c49fdf.jpg,640,640,BackhandServe,20,21,634,640
Image-59-_png.rf.bbe5b9579445e9d0bbe76ef11a66b167.jpg,640,640,Smash,177,159,491,532
Image-10-_png.rf.be189128a6ee5f9118c0602a6d9becd8.jpg,640,640,BackhandServe,6,55,622,627
Image-51-_png.rf.bea2afc3a6030bf44fbb2787e2c9273d.jpg,640,640,Smash,292,165,467,465
Image-18-_png.rf.bd137efba43d4b3226540d76fb2c9ebe.jpg,640,640,ForehandClear,206,106,424,635
image-23-_png.rf.c0640ba360dd755b9571807bd777b9cc.jpg,640,640,BackhandLift,251,193,430,471
smash-1-_png.rf.bd6d664fe435e65e89429a4bd4dc1b2a.jpg,640,640,Smash,215,150,456,491
Image-27-_png.rf.bd9a6a299878fde6828671acc0756d6e.jpg,640,640,ForehandClear,192,69,440,640
Image-4-_png.rf.bd394ab6a5c0b3ca5bb1526ffab4da32.jpg,640,640,ForehandClear,148,152,488,610
clear-backhand-30-_jpg.rf.b975f39215f5d53d2f3fe4296df29ab5.jpg,640,640,BackhandClear,254,205,394,446
Image-18-_png.rf.bc39927ad5468d14616c2e6f3bcbdb8b.jpg,640,640,BackhandClear,26,138,560,535
Image-6-_png.rf.beb3d095a140202b5670cfb14e18d0b0.jpg,640,640,BackhandServe,159,5,502,625
Image-7-_png.rf.bfa94dbf88aab325ad281cbe610ba4dc.jpg,640,640,ForehandClear,220,161,385,465
Image-62-_png.rf.bd33034f73859fa2f308ab6c658f37d6.jpg,640,640,Smash,106,187,530,538
Image-10-_png.rf.bfe7677d8a557b4a91b934e4da85e792.jpg,640,640,ForehandClear,144,12,488,638
Image-28-_png.rf.bee79323855ad322fb10c9a2e971458c.jpg,640,640,BackhandClear,59,209,583,513
lift-backhand-3-_png.rf.be42f986a7497a8dcb0c5f0ff5eacbbc.jpg,640,640,BackhandLift,116,193,488,541
Image-4-_png.rf.b9576830dafe537661c58d76404d2364.jpg,640,640,BackhandClear,83,122,561,601
clear-backhand-2-24-_jpg.rf.bfb503eca2863a77546959052ae9f7dd.jpg,640,640,BackhandClear,289,197,443,431
lift-forehand-head-view-23-_jpg.rf.bb8ee839a5705a58c80db8c1a339f219.jpg,640,640,ForehandLift,192,204,341,499
Image-10-_png.rf.c26d7af587ff95fe2451ea4418c22a20.jpg,640,640,BackhandServe,6,55,622,627
lift-forehand-side-view-55-_jpg.rf.bcea10d44c3b15d4b828792822792727.jpg,640,640,ForehandLift,116,224,312,481
Image-16-_png.rf.c176ff79688d9d14a89b150af9997f4a.jpg,640,640,BackhandLift,43,113,580,520
lift-backhand-side-view-16-_jpg.rf.c1a27038fbb77a86a516d16cdd1a20aa.jpg,640,640,BackhandLift,263,193,436,499
WhatsApp-Image-2024-07-06-at-2-05-18-AM-1-_jpeg.rf.bcd1a1f966a9a3e115cd679e7dce95ab.jpg,640,640,BackhandLift,166,152,530,549
WhatsApp-Image-2024-07-06-at-2-05-10-AM-1-_jpeg.rf.c28edc72c50b4c05f8f5668022ed3edb.jpg,640,640,ForehandClear,288,176,496,603
clear-forehand-7-_jpg.rf.c274726f851d3d33457befe6cfd1e569.jpg,640,640,ForehandClear,111,180,302,480
Screenshot-2024-07-05-202755_png.rf.bf76718bc2e0dc1d3da340854c511cdb.jpg,640,640,Smash,249,65,471,446
Image-15-_png.rf.c2708eb2c6f87ca9f094a20304bbbe6c.jpg,640,640,ReadyPosition,262,2,515,601
WhatsApp-Image-2024-07-06-at-2-05-06-AM_jpeg.rf.bfeba601fb6507c57de2fb2edbdc8862.jpg,640,640,ForehandClear,144,197,378,611
Image-1-_png.rf.c3252d8b983116ec3a7ccce847b85af7.jpg,640,640,BackhandServe,159,36,474,588
Image-19-_png.rf.c23b75081b8a7646b5aee1bcd1cf27e2.jpg,640,640,ForehandLift,209,102,633,540
Screenshot-2024-07-05-213900_png.rf.c1813e5b2df474c8c160f2aab869f0fd.jpg,640,640,Smash,246,113,468,544
clear-forehand_055_jpg.rf.c4ce6f8c0bc3a0d61d3a6bb3d0162c81.jpg,640,640,ForehandClear,117,175,276,476
image-25-_png.rf.c3dc73d1d8ca7b2dfe5820b78e1a049b.jpg,640,640,BackhandLift,296,125,540,548
Image-33-_png.rf.c3873183aad597503e295edc5c3d87ab.jpg,640,640,BackhandClear,168,40,408,555
WhatsApp-Image-2024-07-06-at-2-05-07-AM-1-_jpeg.rf.c05ea157ad934331c19da3fd19c1186f.jpg,640,640,ForehandClear,260,177,476,610
Image-21-_png.rf.c78c9b80ed4747d80553a75814b812c1.jpg,640,640,ForehandLift,23,113,491,537
Image-80-_png.rf.be59d368324a669e16ca81dc0d5f95cc.jpg,640,640,Smash,129,15,499,585
clear-forehand-8-_jpg.rf.bb2c8bca176c59e1ff6aa7bf5be50410.jpg,640,640,ForehandClear,111,180,302,480
lift-backhand-side-view-58-_jpg.rf.ca8db7ca45a7fc7f71a95ae66b2b7130.jpg,640,640,BackhandLift,193,213,396,462
Image-9-_png.rf.c8ccce7615c344e482a41f8bc53c0ef8.jpg,640,640,BackhandServe,135,0,508,635
Image-35-_png.rf.c62f75b0d01ef325075f9b4ba0343339.jpg,640,640,BackhandClear,155,26,476,590
clear-forehand-1-_png.rf.c5e4fd373bedafe713d9ae4388ec87b0.jpg,640,640,ForehandClear,170,132,378,494
Screenshot-2024-07-05-213342_png.rf.c8f58ea913ccab8425c071e2577301c2.jpg,640,640,BackhandClear,78,59,487,617
Image-27-_png.rf.cbbac8f67b71ea74af48552d180f8559.jpg,640,640,ForehandLift,25,112,445,534
Image-29-_png.rf.c4fa3b2a2f241ad64ec4b4dcbf968d32.jpg,640,640,Smash,142,12,486,637
Image-3-_png.rf.c8580b0cd9a500cb130503698f822c14.jpg,640,640,ReadyPosition,199,1,487,638
Image-38-_png.rf.c5f456322754a2db3a52463bd4850034.jpg,640,640,ForehandClear,118,73,520,617
Image-79-_png.rf.c9e854dcc2b3ed5806aeb107ac15a036.jpg,640,640,Smash,75,39,567,590
Image-49-_png.rf.c53ffada6ddf008b931c2dd226237845.jpg,640,640,Smash,197,68,409,480
clear-backhand-2-26-_jpg.rf.c5783409fb7b52cb80eecff70191cbc9.jpg,640,640,BackhandClear,278,160,443,431
ready-1-_png.rf.c9fa1080463f6660c8eb124086856aa4.jpg,640,640,ReadyPosition,170,85,410,613
Image-70-_png.rf.c77232f362bcd94ca9142e7483844aab.jpg,640,640,Smash,186,20,526,619
Screenshot-2024-07-06-014606_png.rf.c88d49c76e8d7a7361a2273f8da522e1.jpg,640,640,BackhandClear,180,22,540,610
Image-65-_png.rf.cae611a84dba01830b4e9ba95fb1bdbe.jpg,640,640,Smash,125,112,536,570
Image-4-_png.rf.cd7c784ca43b5aa05b76db51ccca8d27.jpg,640,640,BackhandClear,83,122,561,601
clear-backhand-2-26-_jpg.rf.cc21f4d0ec04c25b0b75460b9b35df20.jpg,640,640,BackhandClear,278,160,443,431
Image-7-_png.rf.c9e184ebcf8364683b0d39ea39e085f3.jpg,640,640,Smash,62,42,522,627
smash-3-_png.rf.c56fc5b6c49d5ffc4d4624887ac2531f.jpg,640,640,Smash,175,182,423,520
lift-backhand-side-view-16-_jpg.rf.ce12c4c402797e8f3d9a0971e51bc444.jpg,640,640,BackhandLift,263,193,436,499
WhatsApp-Image-2024-07-06-at-2-05-00-AM_jpeg.rf.cef6453046fc734428500eec0a523960.jpg,640,640,BackhandLift,232,153,396,525
lift-backhand-side-view-56-_jpg.rf.cf17ed13c9f9bcc78593ea869749e476.jpg,640,640,BackhandLift,213,216,417,465
Image-37-_png.rf.cd3ef67af5452f8864c0a3e306dab76f.jpg,640,640,ForehandClear,162,52,507,605
lift-forehand-head-view-49-_jpg.rf.c9feef7261ce22709b1fb4bcd6c1b951.jpg,640,640,ForehandLift,208,196,357,491
Image-4-_png.rf.d11c2b401455aca045be6dde63660301.jpg,640,640,Smash,123,72,479,629
clear-forehand-9-_jpg.rf.cecf33c422f6c42898e17cf3edf4f86d.jpg,640,640,ForehandClear,111,180,302,480
Screenshot-2024-07-05-202510_png.rf.cf05bb8d3f03c69d79027beb7b0012ee.jpg,640,640,BackhandLift,127,125,482,545
Image-1-_png.rf.cacb8206aaad050edac6eca43824a690.jpg,640,640,ForehandLift,170,110,602,532
Image-16-_png.rf.cf813e143b9f09656304ffbeb31b99b1.jpg,640,640,ForehandLift,96,228,365,534
Image-79-_png.rf.ce867cd03f47717de448d1768c1ab368.jpg,640,640,Smash,75,39,567,590
Image-47-_png.rf.cf977ad9a7b3078201ad86d4bb376161.jpg,640,640,Smash,186,146,529,540
Image-8-_png.rf.d0e224f930dec3d3aa13fc28d0f213c9.jpg,640,640,BackhandLift,159,123,601,489
Image-29-_png.rf.d22c3b36ea9a0dc000c229c8374485bd.jpg,640,640,ForehandClear,106,49,507,614
Image-20-_png.rf.d3074917cc60485059e9353e332b9d52.jpg,640,640,ForehandLift,190,165,636,531
Image-21-_png.rf.d22b295be76abdd8e84562e730a77e81.jpg,640,640,ForehandClear,211,21,452,640
WhatsApp-Image-2024-07-06-at-2-05-16-AM_jpeg.rf.c2deafb8b96332742f8c6009f27fba87.jpg,640,640,ForehandClear,192,154,366,623
Image-29-_png.rf.d1320d80cff387f1d74a898b54a5a839.jpg,640,640,ForehandClear,106,49,507,614
Screenshot-2024-07-05-203033_png.rf.cd2d649706be1ce122bdc9ff3a830ceb.jpg,640,640,ReadyPosition,160,22,450,616
Screenshot-2024-07-05-203047_png.rf.d15af05c7f6a3698891074602679cf10.jpg,640,640,ReadyPosition,163,39,434,604
Image-11-_png.rf.ceb63c797bcbe97b8e72d085cd7299cc.jpg,640,640,Smash,145,126,499,582
Screenshot-2024-07-06-014832_png.rf.cf8582f351cd72ed5d59fb5053f47297.jpg,640,640,ForehandClear,162,56,476,633
lift-backhand-side-view-58-_jpg.rf.d1f56fd94f4e3d6b5fab0571abd382d2.jpg,640,640,BackhandLift,193,213,396,462
Image-4-_png.rf.ce60c1f520a056b1b4b912de8ba38207.jpg,640,640,Smash,123,72,479,629
lift-backhand-side-view-14-_jpg.rf.ce83e0e1e25ce63ad83e38ae932af7f0.jpg,640,640,BackhandLift,249,174,417,430
Image-13-_png.rf.d3c4558862d2ea3a68b168b6e651707f.jpg,640,640,ForehandLift,60,55,475,588
Image-10-_png.rf.d354411617f0b3665b82ba8a4e6e6090.jpg,640,640,BackhandClear,47,137,531,612
Image-17-_png.rf.d0d5ee6a93c512965dc1a105d8f221ff.jpg,640,640,BackhandLift,57,115,611,533
Image-18-_png.rf.d3ae7e6b25d4d642440d6638a17d97eb.jpg,640,640,BackhandLift,189,156,598,499
smash-1-_png.rf.d2ffca36a48d309f37317f477c18c40c.jpg,640,640,Smash,215,150,456,491
Image-28-_png.rf.d3ba84df624b111a535c907b06fcd01c.jpg,640,640,BackhandClear,59,209,583,513
lift-backhand-side-view-57-_jpg.rf.cf51aca0b418b95a67f4ab5a6994973a.jpg,640,640,BackhandLift,193,213,396,462
Image-76-_png.rf.d3e2c3aa1a9046ae8911c5962171a72b.jpg,640,640,Smash,112,219,524,517
Image-35-_png.rf.d64ab7ea00c529a1fc1121e57dea309f.jpg,640,640,ForehandClear,138,0,444,632
Image-50-_png.rf.def19f468f508b1f83f8e82b8aa9c796.jpg,640,640,Smash,173,192,514,552
Image-21-_png.rf.d65a79cab4b9d4f96250dd471dba6afe.jpg,640,640,ForehandClear,211,21,452,640
image-41-_png.rf.e05c318f8252fd1263e1befc02f34986.jpg,640,640,ForehandLift,89,70,460,580
Image-16-_png.rf.d891dd7961157a367daa6f158feba74a.jpg,640,640,BackhandLift,43,113,580,520
image-31-_png.rf.d9f57b2b8a938bb1519ba09c6937026a.jpg,640,640,BackhandLift,29,139,430,510
Screenshot-2024-07-05-202812_png.rf.e07d0d10aad3874828ce921d02100657.jpg,640,640,BackhandServe,99,47,606,587
Image-34-_png.rf.d52c08200ed8cf8d1b81b1d6122bb427.jpg,640,640,ForehandLift,159,136,639,533
WhatsApp-Image-2024-07-06-at-2-05-00-AM-1-_jpeg.rf.dd9255e5d3f0e801c1e3454a59a00ea8.jpg,640,640,BackhandLift,272,130,396,538
Image-75-_png.rf.e03f0fe6f77c8f3f88d353f6934a2819.jpg,640,640,Smash,180,153,480,460
Image-29-_png.rf.e12207418a7591d305945458f44590b1.jpg,640,640,Smash,142,12,486,637
Image-2-_png.rf.e2e0061a51aadf1a5e65340f57d1617e.jpg,640,640,BackhandClear,140,102,444,600
Image-82-_png.rf.d72a1947cede31ca725ca39d37164bf4.jpg,640,640,Smash,57,110,594,634
WhatsApp-Image-2024-07-06-at-2-05-19-AM_jpeg.rf.e30199669ee8e0e54db9943d98cc7526.jpg,640,640,ForehandClear,229,165,391,596
Image-33-_png.rf.e0b75a58d5d0e6621df6df6e0a84688b.jpg,640,640,ForehandLift,48,93,439,532
Screenshot-2024-07-05-211307_png.rf.dd06ebaacb89b21cdb7903be58d022ec.jpg,640,640,ForehandClear,219,78,482,568
image-24-_png.rf.df55820d5a8237cb7589f69f5ec00f6e.jpg,640,640,BackhandLift,164,119,639,524
WhatsApp-Image-2024-07-06-at-2-05-20-AM_jpeg.rf.e363655aa083b1b7fe3dbeb8b8d15772.jpg,640,640,ForehandLift,127,119,515,580
clear-backhand-2-25-_jpg.rf.e3c46b7eb1be39d2aa7bd64fa9e85180.jpg,640,640,BackhandClear,278,160,443,431
WhatsApp-Image-2024-07-06-at-2-05-03-AM-1-_jpeg.rf.d3f006f3ae79dd383fe7e777cc01abe9.jpg,640,640,ForehandClear,219,167,462,602
Screenshot-2024-07-05-210901_png.rf.df672047e9f51d5ee2596d52bc4580f0.jpg,640,640,Smash,247,98,514,576
lift-forehand-side-view-3-93-_jpg.rf.e26d859a3b0a39eaeccd0713e0938c67.jpg,640,640,ForehandLift,88,221,232,458
Image-31-_png.rf.dfacbc5be47ea95c80525b3d965137e4.jpg,640,640,ForehandLift,103,89,495,498
Image-7-_png.rf.e301e9172b2fc89fc2ee0b49ef611f60.jpg,640,640,BackhandServe,87,5,577,636
Image-59-_png.rf.e4b7315121f7b4d2919c07a38943ba37.jpg,640,640,Smash,177,159,491,532
lift-backhand-4-_png.rf.e5cdce799b531cda3b62d75002e3d781.jpg,640,640,BackhandLift,0,153,492,491
Image-58-_png.rf.e3dcc2bcd01f3a75f6a697cd7a316fea.jpg,640,640,Smash,229,199,478,466
Image-13-_png.rf.e501c59af323380131d20b2d7f4451ff.jpg,640,640,ReadyPosition,120,11,507,630
WhatsApp-Image-2024-07-06-at-2-05-18-AM_jpeg.rf.de70f8e1a0f0f1514e6f0338ad1c2831.jpg,640,640,BackhandLift,190,147,521,554
lift-backhand-side-view-57-_jpg.rf.e4a3d8012bc42e4d562a1b07f5a8a06a.jpg,640,640,BackhandLift,193,213,396,462
Screenshot-2024-07-05-210435_png.rf.e5ea707873f5274e21e22755b78726c9.jpg,640,640,BackhandLift,235,193,575,563
Image-9-_png.rf.dcfdb9ee656935f1627e066b56781007.jpg,640,640,ForehandLift,203,108,490,536
Image-7-_png.rf.e41fcfadf75b3bf5f01bd08ff5ce3f83.jpg,640,640,ForehandClear,220,161,385,465
Screenshot-2024-07-05-211411_png.rf.e66832142244aa28d8f0616c67acd850.jpg,640,640,BackhandLift,238,118,585,535
clear-forehand_057_jpg.rf.e54a900637ce841f65ef6ce0bc5ddbd9.jpg,640,640,ForehandClear,117,175,276,476
Screenshot-2024-07-05-203442_png.rf.dc557fd6523806deab9547d4f5e692f4.jpg,640,640,BackhandClear,168,49,478,575
Image-30-_png.rf.e6d0e5c77c3e7bbf2e5719ac5af1743c.jpg,640,640,Smash,161,15,447,624
Image-20-_png.rf.d6853b4d9978847cc316448b1765d6c7.jpg,640,640,BackhandClear,81,125,391,507
Image-75-_png.rf.e6883eddf24d92186a281a80a004b2aa.jpg,640,640,Smash,180,153,480,460
Image-15-_png.rf.dbb738be78e3560cbfe4479b9ace6343.jpg,640,640,BackhandServe,213,146,457,500
Image-47-_png.rf.dbabc93587aaccb69f3f4aec73307aec.jpg,640,640,Smash,186,146,529,540
lift-forehand-head-view-49-_jpg.rf.e7bfeebabc8f8626e8add33a222e33d9.jpg,640,640,ForehandLift,208,196,357,491
Screenshot-2024-07-05-211714_png.rf.e7af1e4bdc1bf75df3ca52a1aa610465.jpg,640,640,Smash,166,82,401,618
WhatsApp-Image-2024-07-06-at-2-05-03-AM-1-_jpeg.rf.dc2f55c2639b98a827c61f0d7a8caac8.jpg,640,640,ForehandClear,219,167,462,602
ready-2-_png.rf.e708d3a8e27530e5574e289f0f80240f.jpg,640,640,ReadyPosition,36,68,555,615
serve-backhand-3-_png.rf.d78415ddc36767103703f9412c7fccab.jpg,640,640,BackhandServe,149,6,508,609
Screenshot-2024-07-06-014832_png.rf.e70340b8c8db7e87880cfaed13d9b97b.jpg,640,640,ForehandClear,162,56,476,633
serve-backhand-4-_png.rf.e8fade7cb353ee252e12f404276f31ae.jpg,640,640,BackhandServe,129,27,499,635
Screenshot-2024-07-05-210648_png.rf.eb6c51128bc92180f2f93f761d2f5cf0.jpg,640,640,Smash,225,110,471,577
Image-2-_png.rf.d49d7aade9c2f47147573a3c6b7d60d0.jpg,640,640,Smash,157,80,474,612
Image-11-_png.rf.ea139251df12fc36b9104a211031497e.jpg,640,640,BackhandLift,13,158,481,600
Image-71-_png.rf.e94792ac6dec27eebe9851598ae58814.jpg,640,640,Smash,110,226,442,514
WhatsApp-Image-2024-07-06-at-2-05-01-AM-1-_jpeg.rf.ebc60d09b67fa6ef51603e9270dcfb59.jpg,640,640,BackhandClear,173,176,466,582
WhatsApp-Image-2024-07-06-at-2-05-20-AM-1-_jpeg.rf.dc10eda2da42a965f576d0aad6f0d95b.jpg,640,640,ForehandLift,187,130,403,617
lift-forehand-side-view-55-_jpg.rf.ed940788e6b803d9bbfb6890da1c7dae.jpg,640,640,ForehandLift,116,224,312,481
image-31-_png.rf.ee9f2ab7daf3f0ee5deffa95fb391710.jpg,640,640,BackhandLift,29,139,430,510
WhatsApp-Image-2024-07-06-at-2-05-01-AM_jpeg.rf.e9657ea5f0b7291e1a8bc4a84aca416d.jpg,640,640,ForehandLift,270,169,528,550
clear-backhand-2-20-_jpg.rf.ec6496de816961733120aba98f45415c.jpg,640,640,BackhandClear,296,197,443,412
lift-forehand-side-view-3-41-_jpg.rf.ef2481cc46030b01b63bafefdf295549.jpg,640,640,ForehandLift,138,228,247,437
image-39-_png.rf.ea1cb6d292772f5944c91bdd3ad90709.jpg,640,640,ForehandLift,40,136,379,518
Image-14-_png.rf.f0feafd2097e388d6ecff2bab716fb3c.jpg,640,640,BackhandClear,146,11,490,640
Screenshot-2024-07-05-213900_png.rf.eeffee06459cf09d997034d52e26dbb9.jpg,640,640,Smash,246,113,468,544
clear-backhand-28-_jpg.rf.ec6dc27d63e3b0df8ed3648047b4b5e2.jpg,640,640,BackhandClear,229,202,389,450
Screenshot-2024-07-05-211714_png.rf.f045f233958e4373929e7b00826875cd.jpg,640,640,Smash,166,82,401,618
Screenshot-2024-07-05-211731_png.rf.ebfc03eb9f9c4c509325a72ed2249f7f.jpg,640,640,Smash,249,146,525,598
image-25-_png.rf.ef4a1d4f4cf543365c7e16bb2914fd55.jpg,640,640,BackhandLift,296,125,540,548
Screenshot-2024-07-05-213801_png.rf.f17ba2fc0af5d309cee0e3a68ee33ba9.jpg,640,640,BackhandClear,161,182,439,600
WhatsApp-Image-2024-07-06-at-2-05-10-AM-1-_jpeg.rf.d5217f183cb391c557055108d27897d6.jpg,640,640,ForehandClear,288,176,496,603
Image-17-_png.rf.f17b39950d07ab201338e29d9d604457.jpg,640,640,ForehandLift,135,189,629,621
image-27-_png.rf.ecf20f795775e2e1ebf93c0b5db1e5c1.jpg,640,640,BackhandLift,102,95,542,561
WhatsApp-Image-2024-07-06-at-2-05-06-AM_jpeg.rf.f152626a0c7bb3334b868935d3d48c64.jpg,640,640,ForehandClear,144,197,378,611
lift-forehand-side-view-3-96-_jpg.rf.f0d7ba38e4c4fcdc2af322db286e6cd6.jpg,640,640,ForehandLift,11,265,196,500
Image-8-_png.rf.f07361890c1cb0fa3d018b1c04dbcf79.jpg,640,640,ForehandLift,143,116,640,553
Image-11-_png.rf.f04657b8100ddf51d05fe960474b3994.jpg,640,640,ForehandLift,0,79,585,561
Image-2-_png.rf.e83d5857647c61ce65596b23e1900f9e.jpg,640,640,Smash,157,80,474,612
ready-2-_png.rf.f1b3d783a851019a7f0a38609f850b34.jpg,640,640,ReadyPosition,36,68,555,615
WhatsApp-Image-2024-07-06-at-2-05-08-AM_jpeg.rf.ec84b74d3f8f0cfdc6577a97fd2a9987.jpg,640,640,BackhandServe,202,33,454,551
lift-forehand-head-view-48-_jpg.rf.f28de74d10d7a6ef68f7ba1ef0362f7a.jpg,640,640,ForehandLift,192,196,341,491
Image-18-_png.rf.f19a53bf263a913f6004126dcfbdc9b2.jpg,640,640,BackhandClear,26,138,560,535
serve-backhand-2-_png.rf.f39a9ec0e0b8c022e1af0edf81e12aaa.jpg,640,640,BackhandServe,79,146,335,499
clear-backhand-2-_png.rf.f76f28e2cfc4889dc7a5537ce6648822.jpg,640,640,BackhandClear,117,182,494,605
Image-15-_png.rf.f59c67503b9818d57eea9d0c2c1e7a2c.jpg,640,640,ReadyPosition,262,2,515,601
clear-backhand-28-_jpg.rf.f53e5ffa4269366bce1c72c85bbd2a5a.jpg,640,640,BackhandClear,229,202,389,450
Screenshot-2024-07-05-210435_png.rf.eee83c3b0fee81adec1d858cd5dc6aba.jpg,640,640,BackhandLift,235,193,575,563
Image-7-_png.rf.f34112a2cf6d554d094c133c9c593361.jpg,640,640,ForehandLift,237,116,475,518
Image-7-_png.rf.f552b6857a8149c48a4b2058ec68ed7e.jpg,640,640,BackhandClear,213,196,429,483
Image-33-_png.rf.f6972a514f2289353ab7b55e593e4670.jpg,640,640,BackhandClear,168,40,408,555
lift-forehand-head-view-48-_jpg.rf.f4cb39893dec900bb63a35ce1c21edc4.jpg,640,640,ForehandLift,192,196,341,491
Image-12-_png.rf.f439e5ac6eaa85c05572716d8f0661d4.jpg,640,640,BackhandServe,20,21,634,640
WhatsApp-Image-2024-07-06-at-2-05-10-AM_jpeg.rf.f910b0e6cafc1f24625526ddc437d4c4.jpg,640,640,BackhandServe,237,50,505,584
clear-forehand-8-_jpg.rf.f846496269bb89071ca283f4044b6f79.jpg,640,640,ForehandClear,111,180,302,480
Image-7-_png.rf.f497be8c1131c9a8f18bc9fe3da738eb.jpg,640,640,Smash,62,42,522,627
Image-28-_png.rf.f5ae5fde869a03f92a03454f92940a99.jpg,640,640,BackhandClear,59,209,583,513
clear-backhand-2-20-_jpg.rf.f887daea59c0a88e922f401b29ba03e3.jpg,640,640,BackhandClear,296,197,443,412
Screenshot-2024-07-05-210945_png.rf.f3751a1481aaca5efe4c68a0a66036b2.jpg,640,640,BackhandServe,206,48,558,580
Image-11-_png.rf.f6b46ec0cc3ccd013ea32ebb506284fc.jpg,640,640,ReadyPosition,146,50,626,609
lift-forehand-head-view-22-_jpg.rf.f95520740c649a16b1d72e4277cc142c.jpg,640,640,ForehandLift,192,204,341,499
Image-7-_png.rf.f476110647dc948e3f78a7f70ca3dbcb.jpg,640,640,BackhandServe,87,5,577,636
lift-forehand-head-view-22-_jpg.rf.fbd9fe7e5516b7f1bcdf3ffc8783eb7c.jpg,640,640,ForehandLift,192,204,341,499
Image-30-_png.rf.fa2ef5abfafc831924a052fb8e5c74b1.jpg,640,640,Smash,161,15,447,624
Image-19-_png.rf.f7057efb4f1cd92c1ef68c0c72c17904.jpg,640,640,BackhandClear,197,142,386,515
Image-70-_png.rf.f8f61bc1546eaa2a21219b2c7b476c12.jpg,640,640,Smash,186,20,526,619
Image-27-_png.rf.f92635cd6ed90e251c8dc1fc686e1fc6.jpg,640,640,ForehandLift,25,112,445,534
lift-forehand-side-view-24-_jpg.rf.f6f65fe2948e85121f4d38299899bc25.jpg,640,640,ForehandLift,115,182,264,425
lift-forehand-side-view-3-44-_jpg.rf.f8c043b3662f47129133229fdad895ba.jpg,640,640,ForehandLift,109,262,226,499
clear-backhand-2-23-_jpg.rf.fab9031edd8d3c3db090e095d3225a37.jpg,640,640,BackhandClear,296,197,443,412
lift-forehand-side-view-3-45-_jpg.rf.fa5ef52ba3eee156045678a75757b05d.jpg,640,640,ForehandLift,121,262,238,499
Image-20-_png.rf.fb64178ef79b13ae1dbd5bb137ec32cd.jpg,640,640,BackhandLift,52,92,449,524
WhatsApp-Image-2024-07-06-at-2-05-13-AM_jpeg.rf.f9d55b0c6ae3004ed1a64e3701b68961.jpg,640,640,ForehandClear,176,139,378,631
Image-12-_png.rf.fa3a4e2244664041f743c7b78c023a67.jpg,640,640,Smash,178,71,438,640
Image-59-_png.rf.faaa0566c56790311b3171c0756fb62d.jpg,640,640,Smash,177,159,491,532
Image-35-_png.rf.fa6c14767819a5ddf32e1f62a6ee663e.jpg,640,640,ForehandClear,138,0,444,632
Screenshot-2024-07-05-203517_png.rf.fe25debcd157af24e2994b488e3fdc9a.jpg,640,640,BackhandServe,174,17,466,611
Image-66-_png.rf.fec0baad8673297413df059ce3ae504e.jpg,640,640,Smash,186,136,470,501
Screenshot-2024-07-05-210648_png.rf.fab7ba034ea0374aaccc8adf69c9ad04.jpg,640,640,Smash,225,110,471,577
WhatsApp-Image-2024-07-06-at-2-05-10-AM_jpeg.rf.ff2732a3974ffe22fd655e11b750aa61.jpg,640,640,BackhandServe,237,50,505,584
Screenshot-2024-07-05-211307_png.rf.fc1dced1985cefccc08de20873563cc7.jpg,640,640,ForehandClear,219,78,482,568
Image-4-_png.rf.febcc60fd10309fe034a05d8a6a97db2.jpg,640,640,Smash,123,72,479,629
Image-4-_png.rf.fb5c568a714d2416ab32924875c93cd7.jpg,640,640,BackhandLift,39,107,453,537
clear-backhand-2-25-_jpg.rf.ff911546164939cbdfab24fe51115914.jpg,640,640,BackhandClear,278,160,443,431
lift-backhand-2-_png.rf.fdfff076ef95ce436c3ca3005115c6f7.jpg,640,640,BackhandLift,183,170,552,492
Screenshot-2024-07-05-203607_png.rf.fe3253bae8d4638669d8d7a7f92da5df.jpg,640,640,BackhandClear,106,190,521,537
Screenshot-2024-07-05-202805_png.rf.fe4fd288f2fd2ada1b2e07f4a23377b9.jpg,640,640,Smash,152,94,474,506
Image-34-_png.rf.fc80e73c9923f6cd5b2521f596180a28.jpg,640,640,ForehandLift,159,136,639,533
Image-12-_png.rf.45ccc2b18fd6be477d18036e7dd88fb1.jpg,640,640,BackhandServe,20,21,634,640
lift-forehand-side-view-3-92-_jpg.rf.43b295f1d25caf580bca537be0f355bd.jpg,640,640,ForehandLift,109,221,252,458
Image-15-_png.rf.4389ae626824ef3ab2366250d0fa2a60.jpg,640,640,BackhandServe,213,146,457,500
Screenshot-2024-07-05-211454_png.rf.42f9a4fb782e271fd7aab2cb640bdcc6.jpg,640,640,BackhandServe,268,95,544,599
Screenshot-2024-07-05-203821_png.rf.463143a66420d8414258889f68998210.jpg,640,640,ReadyPosition,163,146,474,509
Image-14-_png.rf.42a091461b1c62bd3b0a9eaa3269384c.jpg,640,640,BackhandServe,131,172,445,532
WhatsApp-Image-2024-07-06-at-2-05-03-AM-1-_jpeg.rf.4619e0593300367ce0058d384526d0ae.jpg,640,640,ForehandClear,219,167,462,602
Image-17-_png.rf.421d2c511ae1dbcf80984d691d94fb1c.jpg,640,640,BackhandLift,57,115,611,533
Image-50-_png.rf.46fc8de96e5caf939962623e6904f256.jpg,640,640,Smash,173,192,514,552
Image-4-_png.rf.41f14f2a7c57990120db456ab9bffb40.jpg,640,640,ForehandClear,148,152,488,610
Image-36-_png.rf.47179e22d99dfbdf61e1d7a1b52c325f.jpg,640,640,ForehandClear,130,23,416,626
Image-66-_png.rf.420f212c2ae6e405f76a44e6f6b69c27.jpg,640,640,Smash,186,136,470,501
Image-14-_png.rf.41b05c6505933cd5e979867eb0d71ed6.jpg,640,640,ReadyPosition,295,159,487,474
Screenshot-2024-07-05-203033_png.rf.46b2a6f9d58bf4986d547f8561c987cb.jpg,640,640,ReadyPosition,160,22,450,616
Image-4-_png.rf.4789214d83adef195e65bfd17df72abb.jpg,640,640,BackhandLift,39,107,453,537
WhatsApp-Image-2024-07-06-at-2-05-18-AM_jpeg.rf.4759ca8d10d5f49b9c22cc4f7c4488fb.jpg,640,640,BackhandLift,190,147,521,554
Screenshot-2024-07-05-210000_png.rf.44f711b7a90a525065e5b2dde2beb382.jpg,640,640,BackhandClear,204,129,506,572
Screenshot-2024-07-05-213742_png.rf.47c8bc173f0376818d7e029349dbeb42.jpg,640,640,BackhandClear,249,138,523,576
Screenshot-2024-07-05-205655_png.rf.4850c6aa6c8f343b6fb9d1eb83481e9c.jpg,640,640,BackhandLift,206,90,523,592
Image-82-_png.rf.46ee945033eab448ea01fbec77aeed38.jpg,640,640,Smash,57,110,594,634
clear-forehand-8-_jpg.rf.45765878ad0cddf760b9753393e1d442.jpg,640,640,ForehandClear,111,180,302,480
Image-6-_png.rf.47de60a51472ce6f49ae386114127487.jpg,640,640,ForehandLift,166,181,637,423
Image-30-_png.rf.43da6ab31f7f9cb09ca39438486ce08a.jpg,640,640,ForehandClear,222,2,413,597
clear-forehand_057_jpg.rf.47fa2d0eecf436e8e4ac8960745be8cb.jpg,640,640,ForehandClear,117,175,276,476
Screenshot-2024-07-06-014606_png.rf.487f1b2c08c5ab2bd5ec7c4234eb581d.jpg,640,640,BackhandClear,180,22,540,610
Image-58-_png.rf.488ce0fd3c296fd0fd72db5695955ecd.jpg,640,640,Smash,229,199,478,466
Screenshot-2024-07-05-203825_png.rf.49122fcb34e3d1d4e7eb90e877a91e0b.jpg,640,640,ReadyPosition,183,108,484,616
Screenshot-2024-07-06-014757_png.rf.4a04e38416e4c02dba7b28d5fac173b2.jpg,640,640,BackhandClear,156,0,573,595
Image-28-_png.rf.49524e2598b94ada1963758eb2691a76.jpg,640,640,ForehandClear,232,28,456,633
Screenshot-2024-07-05-202510_png.rf.40090f53c712a84893c7fed5f063c36e.jpg,640,640,BackhandLift,127,125,482,545
clear-forehand-2-_png.rf.4ad63b5d7fdb27ad05dc67cd77942d2c.jpg,640,640,ForehandClear,200,68,403,640
Image-67-_png.rf.496ccf66ead873dba09f90e66fb928a3.jpg,640,640,Smash,191,60,487,628
Image-41-_png.rf.41c2759dba9292d066683561fabeb621.jpg,640,640,Smash,106,141,450,583
Screenshot-2024-07-06-013732_png.rf.402da6c8b50b469fff334d56d4009d0f.jpg,640,640,BackhandServe,215,50,469,618
image-40-_png.rf.494fa684c748f59a5361baf4e4e39021.jpg,640,640,ForehandLift,197,176,595,522
lift-backhand-side-view-15-_jpg.rf.41911a155553e073aec81476471c8bcf.jpg,640,640,BackhandLift,275,188,423,461
Image-73-_png.rf.4a94b476a13b6cf3f06663044820bd49.jpg,640,640,Smash,57,96,513,616
Image-26-_png.rf.4c3302eddcd9244632bc32094a25cb69.jpg,640,640,BackhandClear,49,195,428,512
Image-18-_png.rf.4db8ef3d6b7f5d6a0056b11b6fcd575c.jpg,640,640,ForehandClear,206,106,424,635
Image-76-_png.rf.4e8623ef175ca4516601e1add218a27a.jpg,640,640,Smash,112,219,524,517
Screenshot-2024-07-05-202755_png.rf.4d09b304f54f4d3dc8854f7e94d05baf.jpg,640,640,Smash,249,65,471,446
lift-backhand-side-view-24-_jpg.rf.500bc268bc0a550031679912864ac7cc.jpg,640,640,BackhandLift,226,259,448,446
lift-forehand-side-view-3-94-_jpg.rf.4b7d1ee41e07649a5eba92d649e107ab.jpg,640,640,ForehandLift,45,240,205,504
lift-backhand-side-view-17-_jpg.rf.4d605405c82d71049fddff587dc6f9ff.jpg,640,640,BackhandLift,286,219,430,503
Image-64-_png.rf.4041b82cb2a23b92913603bbb525a383.jpg,640,640,Smash,153,112,402,371
Image-71-_png.rf.4dfe99f49c751ae045532f4f8131c40b.jpg,640,640,Smash,110,226,442,514
Screenshot-2024-07-05-203817_png.rf.41a9b4cb7ec1ca37d32451cd15490f14.jpg,640,640,BackhandServe,175,118,436,550
Image-76-_png.rf.4027cf4236c8156cad7eda23b0a622ef.jpg,640,640,Smash,112,219,524,517
Screenshot-2024-07-05-213801_png.rf.3f67643bf987d94f99fb119da11783eb.jpg,640,640,BackhandClear,161,182,439,600
lift-backhand-side-view-15-_jpg.rf.4d4d22cb158f01fd29e9759c823c163a.jpg,640,640,BackhandLift,275,188,423,461
lift-backhand-side-view-57-_jpg.rf.406c0f08833e3369b06b144aa3dc9e7c.jpg,640,640,BackhandLift,193,213,396,462
Image-17-_png.rf.3f6db9a870d0f0dfd2ebbe1dfb313750.jpg,640,640,BackhandLift,57,115,611,533
Image-78-_png.rf.4f02e0b3674bb94dbf6592cd1a8e28bd.jpg,640,640,Smash,95,52,569,587
Screenshot-2024-07-05-211731_png.rf.4f52a7f4d3f5faa3899f5ec7496621e3.jpg,640,640,Smash,249,146,525,598
ready-1-_png.rf.506bf4b0c82ecd1267fb6c60e2edebcd.jpg,640,640,ReadyPosition,170,85,410,613
Image-26-_png.rf.4d61ab2ca4cd509e046a763191179a9e.jpg,640,640,BackhandClear,49,195,428,512
WhatsApp-Image-2024-07-06-at-2-04-59-AM_jpeg.rf.4e9df0907c3cc294db00601b22b68a43.jpg,640,640,BackhandLift,228,132,382,530
Image-23-_png.rf.520da251b7ba306b6ed4a9bef92a8054.jpg,640,640,ForehandClear,155,53,492,624
Screenshot-2024-07-05-202805_png.rf.51f4d667f5a416cbc5bb2b3c3f211300.jpg,640,640,Smash,152,94,474,506
smash-3-_png.rf.40c053a406d2b5cc65049e8a225aa54f.jpg,640,640,Smash,175,182,423,520
Image-33-_png.rf.4135cb145d99aac23ac2da8a51be4ea0.jpg,640,640,ForehandLift,48,93,439,532
Image-6-_png.rf.51d2e413cb82cc5801b85740cebcbd9a.jpg,640,640,BackhandServe,159,5,502,625
Image-16-_png.rf.52b79188227a63966e7cbe4151c4fbf0.jpg,640,640,ForehandLift,96,228,365,534
lift-forehand-side-view-24-_jpg.rf.4020ab1157545efcba45d0c168d39200.jpg,640,640,ForehandLift,115,182,264,425
lift-forehand-side-view-56-_jpg.rf.51611fa206c7d4a1c640644d780c0af7.jpg,640,640,ForehandLift,136,229,332,486
Image-19-_png.rf.533d88c65d18cc4378092261f6bcab0c.jpg,640,640,ForehandClear,198,38,414,631
Image-8-_png.rf.5101baadbfe70b1e59767af3e5f39081.jpg,640,640,ForehandLift,143,116,640,553
Image-13-_png.rf.53236f43d949cbf00fdc396ad83ef9a0.jpg,640,640,ForehandLift,60,55,475,588
Image-41-_png.rf.5269e98357bdfffcc66c59fc07a814a1.jpg,640,640,Smash,106,141,450,583
lift-forehand-side-view-3-41-_jpg.rf.5422e26e66daf9f8874715e81f380681.jpg,640,640,ForehandLift,138,228,247,437
Screenshot-2024-07-05-203033_png.rf.50cab33c6085a190eeefa68865702c2c.jpg,640,640,ReadyPosition,160,22,450,616
Screenshot-2024-07-06-014606_png.rf.5237b33fb40c88d04e3664374c80fe05.jpg,640,640,BackhandClear,180,22,540,610
Image-9-_png.rf.52e5ba5ff1966675717fe29dc0b533f2.jpg,640,640,ForehandLift,203,108,490,536
Image-1-_png.rf.52fcb5bd78220232e725cceb0fe6d30c.jpg,640,640,BackhandLift,112,58,634,582
Image-25-_png.rf.5a0837bac4fda6be848b618b4a8f9a92.jpg,640,640,ForehandClear,186,126,480,640
clear-backhand-4-_png.rf.547bf4ae5c46a3f1dc63687cb67bcf89.jpg,640,640,BackhandClear,89,114,471,554
Screenshot-2024-07-05-211736_png.rf.531dcd6827ea4b532240c9621e9ac502.jpg,640,640,Smash,280,72,572,577
clear-backhand-2-25-_jpg.rf.55031fc47ce0f79a69383a652fcfaf93.jpg,640,640,BackhandClear,278,160,443,431
Screenshot-2024-07-05-213900_png.rf.52800815eec29f3dded1aaa359b817a2.jpg,640,640,Smash,246,113,468,544
Image-16-_png.rf.55ad3ddbf63053eb5a790fb337447de0.jpg,640,640,BackhandClear,19,79,589,554
Image-11-_png.rf.54b802f3398478f931d31927514caac2.jpg,640,640,ReadyPosition,146,50,626,609
Image-20-_png.rf.54d74516d4d75a91e3f9f378770dd7c3.jpg,640,640,BackhandLift,52,92,449,524
ready-3-_png.rf.54ca0c89cbeb3fb323e567a353259af2.jpg,640,640,ReadyPosition,116,5,445,639
Image-36-_png.rf.5a8c52587c84ce022c1ca2820daa8903.jpg,640,640,ForehandClear,130,23,416,626
Image-19-_png.rf.556ac15fc8d890f7b15cd2b4a4a7bb4c.jpg,640,640,BackhandClear,197,142,386,515
Image-31-_png.rf.5a06618c6f4b25b510a79be6d92eff17.jpg,640,640,ForehandClear,158,0,492,640
lift-backhand-side-view-28-_jpg.rf.560cb75f372a5ba91459b7a82ff3b9fa.jpg,640,640,BackhandLift,235,275,501,441
Image-1-_png.rf.54777dada1181a39457735b576e67036.jpg,640,640,ForehandLift,170,110,602,532
Image-67-_png.rf.5ca534efc54988048e4befe2d716f9a2.jpg,640,640,Smash,191,60,487,628
Image-68-_png.rf.597cf56c4d58c69e93c5d455f3485cb9.jpg,640,640,Smash,76,149,482,529
WhatsApp-Image-2024-07-06-at-2-04-59-AM_jpeg.rf.547c91cebd9b4d1f0834d6dd2fc032fc.jpg,640,640,BackhandLift,228,132,382,530
Screenshot-2024-07-05-213735_png.rf.5d454f7eb79415b1d0d3d92f6cd93a6d.jpg,640,640,BackhandLift,141,179,543,572
Screenshot-2024-07-05-202510_png.rf.5b0903ac2d0f6d286237dc63b8d66870.jpg,640,640,BackhandLift,127,125,482,545
Screenshot-2024-07-05-211616_png.rf.52903a2de7d6b3c431b674c549847137.jpg,640,640,ForehandLift,32,121,608,534
image-36-_png.rf.5aa4d85353f98a27cfb5ff32b8da37ae.jpg,640,640,ForehandLift,89,115,603,552
Image-33-_png.rf.560fc02d9cb05de3f4ee096d5a12b0e5.jpg,640,640,ForehandClear,226,46,491,622
Image-38-_png.rf.5a48cb7b380c32334cf6b101c3a972b7.jpg,640,640,ForehandClear,118,73,520,617
Image-82-_png.rf.5639f3a8b6cc431349d2425eaf74e44d.jpg,640,640,Smash,57,110,594,634
Screenshot-2024-07-05-202805_png.rf.5bdd15164b5ef7d8e4682868ebdbd9b9.jpg,640,640,Smash,152,94,474,506
Image-32-_png.rf.5dd005a5e62c740e93a6fa98a84cd712.jpg,640,640,BackhandClear,110,104,495,640
Image-12-_png.rf.57b4c81fb2a3b68b5de3e43fd0600f81.jpg,640,640,ForehandLift,79,98,428,551
Screenshot-2024-07-05-205655_png.rf.5f18317d8cb1ef6791d82760f8c07a67.jpg,640,640,BackhandLift,206,90,523,592
Image-15-_png.rf.604fe0e2212baed74f87d6497c162e10.jpg,640,640,BackhandClear,61,21,591,640
Image-18-_png.rf.5d87083200a24ce604f52ba7d4c5536a.jpg,640,640,BackhandLift,189,156,598,499
WhatsApp-Image-2024-07-06-at-2-04-59-AM_jpeg.rf.5e328fd9962bab95c9a7b4219ac46684.jpg,640,640,BackhandLift,228,132,382,530
lift-forehand-side-view-56-_jpg.rf.5d7e1cb12a0d3d5c16090a409f154aa9.jpg,640,640,ForehandLift,136,229,332,486
WhatsApp-Image-2024-07-06-at-2-05-08-AM_jpeg.rf.5c73dd51dded0b90551414b5f815675f.jpg,640,640,BackhandServe,202,33,454,551
Image-20-_png.rf.64fb4378092bed757eaca7669ed6b619.jpg,640,640,BackhandClear,81,125,391,507
Image-15-_png.rf.60f328491c0bcdf5efe3a01b97f7306f.jpg,640,640,BackhandClear,61,21,591,640
Image-6-_png.rf.5bca83d1033162097e1b784a5fef6c70.jpg,640,640,ForehandLift,166,181,637,423
serve-backhand-4-_png.rf.5f2fe5f6936876ce4862c86a39e66ed4.jpg,640,640,BackhandServe,129,27,499,635
Image-8-_png.rf.6473cb378f598fdbb59e6d62c7b82d36.jpg,640,640,BackhandClear,159,7,487,635
Image-78-_png.rf.657272be14d260ebae0eed067968633d.jpg,640,640,Smash,95,52,569,587
clear-forehand-1-_png.rf.6342e370da2829c15cfe52707c4b8ab8.jpg,640,640,ForehandClear,170,132,378,494
Image-65-_png.rf.5f937eeedab39e0bfc4d9b79a5c61153.jpg,640,640,Smash,125,112,536,570
lift-forehand-side-view-3-42-_jpg.rf.646b9f599bfa62c1f494997cf0451e09.jpg,640,640,ForehandLift,138,228,247,437
Image-3-_png.rf.63a93d22b76beaaa27bd729876337fce.jpg,640,640,ForehandClear,233,189,452,515
Screenshot-2024-07-05-211714_png.rf.61855c7afad670e4d2cbab5468d38d0a.jpg,640,640,Smash,166,82,401,618
WhatsApp-Image-2024-07-06-at-2-05-06-AM-1-_jpeg.rf.641e509438efb7c7ee8ab732ab277e38.jpg,640,640,ForehandLift,209,142,484,510
Image-28-_png.rf.55e792bcff90c864d22ad0d782a6948a.jpg,640,640,ForehandClear,232,28,456,633
Image-26-_png.rf.68eca380b88245287bd295e80bc62fdb.jpg,640,640,BackhandClear,49,195,428,512
Image-21-_png.rf.664244bd2e9c3e29cadf709b0c18ff83.jpg,640,640,BackhandClear,142,172,529,595
Image-3-_png.rf.605fc350a0539ee6d43e04e3bcca8d57.jpg,640,640,ForehandClear,233,189,452,515
WhatsApp-Image-2024-07-06-at-2-05-09-AM_jpeg.rf.6117c2a7a90611f27a6be0582c9b1a79.jpg,640,640,BackhandServe,169,29,462,539
Screenshot-2024-07-05-211411_png.rf.609a92f7e526c26c57f34511169618de.jpg,640,640,BackhandLift,238,118,585,535
Image-12-_png.rf.6604166cc8ed88ea502bdbf7749ee5b8.jpg,640,640,Smash,178,71,438,640
Image-31-_png.rf.653960a477b5955b64e9f06e92632bf4.jpg,640,640,ForehandLift,103,89,495,498
Image-68-_png.rf.67ec7789894805dd39d5d9be3b06125a.jpg,640,640,Smash,76,149,482,529
Image-31-_png.rf.6029ee6b35fe582edd8fca13830749bd.jpg,640,640,ForehandClear,158,0,492,640
Image-33-_png.rf.672c0a8eb7bc1fc69a8feff2c1057aaf.jpg,640,640,BackhandClear,168,40,408,555
Image-13-_png.rf.683931386a49435fdd72b275a4625694.jpg,640,640,BackhandClear,71,121,576,640
clear-backhand-29-_jpg.rf.6793e8f828879ea8ce0100e086dffa1d.jpg,640,640,BackhandClear,229,202,389,450
Image-21-_png.rf.68ca7c07518c6291eba23fca97d9441b.jpg,640,640,ForehandClear,211,21,452,640
Image-35-_png.rf.663a173bb905150aa5a6bdd637ff971c.jpg,640,640,ForehandLift,163,22,619,592
Image-22-_png.rf.6890f000e4c95ac266d15f819e5f2d72.jpg,640,640,ForehandClear,215,26,427,630
smash-1-_png.rf.69a86a407c8069c3b125251e2aca3032.jpg,640,640,Smash,215,150,456,491
Screenshot-2024-07-05-203828_png.rf.6a00b8d94060af07d6424bc2284fe4ba.jpg,640,640,ReadyPosition,278,119,532,524
Screenshot-2024-07-05-212743_png.rf.659fe2f99fc6db18897fe25c2d95e916.jpg,640,640,ReadyPosition,186,56,452,581
Image-32-_png.rf.64810a03e86f4d127d1a2014254ecbfa.jpg,640,640,ForehandLift,173,129,632,513
Image-22-_png.rf.692d3f6e94cb13a838d59da2381b439d.jpg,640,640,ForehandLift,66,142,473,500
clear-forehand-9-_jpg.rf.5ffe3556450c514b5df98a32066f72f4.jpg,640,640,ForehandClear,111,180,302,480
Screenshot-2024-07-05-211404_png.rf.691229cb610810a23ad653231726cc6d.jpg,640,640,ForehandLift,237,90,543,616
lift-forehand-side-view-3-97-_jpg.rf.68b99b91ef126ece281711695db556a8.jpg,640,640,ForehandLift,11,265,196,500
lift-backhand-side-view-16-_jpg.rf.6b485c06ec6a3eccb70ca6e241ce6089.jpg,640,640,BackhandLift,263,193,436,499
WhatsApp-Image-2024-07-06-at-2-05-11-AM-1-_jpeg.rf.6bf876455cb35d67c894cf816754d6c3.jpg,640,640,ReadyPosition,251,116,440,570
serve-backhand-4-_png.rf.6c1898fbbaf1a0b5c90024a346ac0466.jpg,640,640,BackhandServe,129,27,499,635
Image-30-_png.rf.6dd2eeca2b370c298aafe1d10ed34911.jpg,640,640,ForehandLift,173,117,619,530
lift-backhand-side-view-14-_jpg.rf.6be1acff1889a6f137fec48e23a68b67.jpg,640,640,BackhandLift,249,174,417,430
Image-73-_png.rf.6fd002a4dab131b48db7c47b7fa4f2a2.jpg,640,640,Smash,57,96,513,616
clear-backhand-2-_png.rf.6f168f0cb755e0f7c55d0007693f253b.jpg,640,640,BackhandClear,117,182,494,605
WhatsApp-Image-2024-07-06-at-2-05-00-AM-1-_jpeg.rf.6c51318f26154ef5a9281eb03e3d6283.jpg,640,640,BackhandLift,272,130,396,538
serve-backhand-2-_png.rf.7280c7fa320961c579280aeb02cac84e.jpg,640,640,BackhandServe,79,146,335,499
lift-backhand-3-_png.rf.6b27b281effac2ccc73f2bf10dc73a00.jpg,640,640,BackhandLift,116,193,488,541
Image-9-_png.rf.7173b425820b098edebb0dc87c22f0a0.jpg,640,640,ForehandClear,163,45,483,627
Image-29-_png.rf.6aec7df62407d23555876a054aaf25c6.jpg,640,640,Smash,142,12,486,637
WhatsApp-Image-2024-07-06-at-2-05-07-AM-2-_jpeg.rf.72b0163cb778a0b0cbd4436191d9f18f.jpg,640,640,ForehandClear,190,208,436,606
clear-backhand-30-_jpg.rf.6a75099e134495e4545358e71e02ec90.jpg,640,640,BackhandClear,254,205,394,446
Image-10-_png.rf.6cf58820ca9b7a1bde7e16eaeac8b7f6.jpg,640,640,ForehandClear,144,12,488,638
Image-5-_png.rf.6b8a6a96ca1791f56831a14413f588f6.jpg,640,640,ForehandLift,17,75,497,552
clear-backhand-30-_jpg.rf.7158a712d42b8123985eaedeee68fb28.jpg,640,640,BackhandClear,254,205,394,446
Image-22-_png.rf.737f33ef18b28b9da257792e55943e3e.jpg,640,640,ForehandLift,66,142,473,500
Image-5-_png.rf.736de1fa2eb686208dca47b6773858a9.jpg,640,640,Smash,173,153,395,503
Image-35-_png.rf.6fa37c7553bcbdbca80c9ff76b6124dd.jpg,640,640,BackhandClear,155,26,476,590
image-41-_png.rf.6857f0ae8455b822fa6bf9b8802b817e.jpg,640,640,ForehandLift,89,70,460,580
Image-9-_png.rf.6ccd2aa5b6684b5ab6a705ec880ed53c.jpg,640,640,BackhandServe,135,0,508,635
Screenshot-2024-07-05-203817_png.rf.70b8b30c8025c1283a5c2a436bb642f6.jpg,640,640,BackhandServe,175,118,436,550
Image-17-_png.rf.73ccbd185a1110fec0090f2d20c6d524.jpg,640,640,ForehandClear,145,14,501,633
lift-forehand-head-view-23-_jpg.rf.730dd5337074be64749f3ab0da91c35d.jpg,640,640,ForehandLift,192,204,341,499
Image-20-_png.rf.764191c82a12e775f85bcaf9458d1f83.jpg,640,640,BackhandClear,81,125,391,507
Image-24-_png.rf.7589a3a53b06704883e9fea9516df3e0.jpg,640,640,BackhandClear,15,68,613,583
serve-backhand-3-_png.rf.760ed32ab22310225566844403b60975.jpg,640,640,BackhandServe,149,6,508,609
image-27-_png.rf.75f18803ee949fd1d983e49bb2817baa.jpg,640,640,BackhandLift,102,95,542,561
Image-14-_png.rf.748d425a72e0601307630fc0c6707996.jpg,640,640,BackhandClear,146,11,490,640
WhatsApp-Image-2024-07-06-at-2-05-06-AM-1-_jpeg.rf.772fc3e549b7b7ff0a5499fa6b356ce6.jpg,640,640,ForehandLift,209,142,484,510
Screenshot-2024-07-05-210102_png.rf.6b9270362d9d32d3e9ff27078305715a.jpg,640,640,ReadyPosition,192,116,516,576
Screenshot-2024-07-06-013732_png.rf.74ed581c8238757cfdbf3828b2f0506f.jpg,640,640,BackhandServe,215,50,469,618
Image-10-_png.rf.769f5677fe2593a347714833dd443ae6.jpg,640,640,BackhandClear,47,137,531,612
WhatsApp-Image-2024-07-06-at-2-05-20-AM-1-_jpeg.rf.7422a7ed50a0669f084205b258ad5592.jpg,640,640,ForehandLift,187,130,403,617
clear-forehand-7-_jpg.rf.6a180e1b03a75e1fdd3d9d45c888c6da.jpg,640,640,ForehandClear,111,180,302,480
clear-forehand_056_jpg.rf.7398918691469c80ea7efda89014fc91.jpg,640,640,ForehandClear,117,175,276,476
Image-8-_png.rf.764ef847b5a7c742d37669bac6327c48.jpg,640,640,BackhandClear,159,7,487,635
Image-22-_png.rf.70a09cba507cb6b0b04971da32c07fad.jpg,640,640,ForehandLift,66,142,473,500
Image-62-_png.rf.7702d5c7c2776132bc6954a4fc22fd78.jpg,640,640,Smash,106,187,530,538
Screenshot-2024-07-05-210333_png.rf.7862374bd7fa92a4187e47fe7ce824ba.jpg,640,640,BackhandLift,240,140,508,496
Image-32-_png.rf.761468b3097199cf937237044fd583bf.jpg,640,640,BackhandClear,110,104,495,640
WhatsApp-Image-2024-07-06-at-2-05-00-AM_jpeg.rf.703b2ff9f2ab5b6cf14d8f7349b22087.jpg,640,640,BackhandLift,232,153,396,525
Image-9-_png.rf.764467d9d3c97b4b2510020dcfc4bc51.jpg,640,640,BackhandClear,78,153,585,624
Image-7-_png.rf.7413f71fc6553f1bda49fb119c3ee9d3.jpg,640,640,ForehandLift,237,116,475,518
Screenshot-2024-07-05-212743_png.rf.78e1c048090f794c21e3791c3af6b23b.jpg,640,640,ReadyPosition,186,56,452,581
Screenshot-2024-07-05-202812_png.rf.76b0778bdbc8369e7bd3c4e581a646a9.jpg,640,640,BackhandServe,99,47,606,587
lift-forehand-side-view-3-44-_jpg.rf.78373c03ace9c2c7f56a2d204d365a03.jpg,640,640,ForehandLift,109,262,226,499
WhatsApp-Image-2024-07-06-at-2-05-26-AM_jpeg.rf.7501fa75b3b50c2692daf5ee2b772a04.jpg,640,640,BackhandServe,237,79,483,605
Image-11-_png.rf.7901912351cbdca230540bd3aa3ead3e.jpg,640,640,BackhandLift,13,158,481,600
Image-11-_png.rf.76d02a6c02480df5a08e604fcb7c015d.jpg,640,640,ForehandLift,0,79,585,561
Image-11-_png.rf.76cc7de4b0d92dd376352015cb52daa6.jpg,640,640,Smash,145,126,499,582
Screenshot-2024-07-05-210000_png.rf.79e04d42eb14f6b34c702590b2bf2b67.jpg,640,640,BackhandClear,204,129,506,572
Image-8-_png.rf.7b57450790feb7031734d9af10a363e9.jpg,640,640,ForehandLift,143,116,640,553
Image-10-_png.rf.7a5baa268c63e464aba7ff2f0ee213fa.jpg,640,640,BackhandClear,47,137,531,612
Image-35-_png.rf.76a89259258312635ff825a1e540d8d2.jpg,640,640,ForehandLift,163,22,619,592
Image-2-_png.rf.7c84866279f1b90fd8a2ac65415ec3da.jpg,640,640,ForehandLift,89,103,637,548
Screenshot-2024-07-05-203330_png.rf.8092310c2dc62f3505e4df997aa493b9.jpg,640,640,ReadyPosition,221,62,494,613
Image-56-_png.rf.7e6a80f36a10a76d5a62ea380e86902c.jpg,640,640,Smash,110,63,452,560
Screenshot-2024-07-05-203330_png.rf.7ff4231c4cd0716654a5af46125370cc.jpg,640,640,ReadyPosition,221,62,494,613
Image-68-_png.rf.7b5c73b423c94401253da1389a2b5aaf.jpg,640,640,Smash,76,149,482,529
image-32-_png.rf.8184c9401a6f08c34087da349af4d09b.jpg,640,640,BackhandLift,198,13,559,636
clear-backhand-2-23-_jpg.rf.8039814032b5c187d6af56398ad437e4.jpg,640,640,BackhandClear,296,197,443,412
Image-35-_png.rf.7a28735dcca2d67a7e857e2ad9adf8a9.jpg,640,640,ForehandClear,138,0,444,632
image-24-_png.rf.83749c39f0f609aa3f96533aac2ed840.jpg,640,640,BackhandLift,164,119,639,524
Screenshot-2024-07-05-205732_png.rf.7994c0c957d07e695322647878e86aae.jpg,640,640,BackhandServe,266,100,523,586
WhatsApp-Image-2024-07-06-at-2-05-17-AM-1-_jpeg.rf.81a7c1b2d8ddf732285342001916107d.jpg,640,640,BackhandLift,313,120,474,546
Image-64-_png.rf.7e4ec18afc50c818350470c1f4aabbab.jpg,640,640,Smash,153,112,402,371
image-31-_png.rf.7e11fd3125591c84739d57e0e9ab1aa1.jpg,640,640,BackhandLift,29,139,430,510
Image-2-_png.rf.78b5257f4c4b5163b179c2aafb490427.jpg,640,640,ForehandLift,89,103,637,548
image-28-_png.rf.81a2d700971d380b8687e8ff2b8a8b8a.jpg,640,640,BackhandLift,22,76,570,576
Image-13-_png.rf.8509e0e3ea93c88fb2ce135481f6fab8.jpg,640,640,BackhandClear,71,121,576,640
Image-13-_png.rf.81bd60668d515b1d4cf099c62c90aa8f.jpg,640,640,ReadyPosition,120,11,507,630
Image-21-_png.rf.857a000d026309097f871f613857b5fe.jpg,640,640,ForehandLift,23,113,491,537
Image-32-_png.rf.842ee6830aaf807c289b417fd77c74ed.jpg,640,640,ForehandLift,173,129,632,513
Image-73-_png.rf.83c1fdb31503b4a093a70f8aa0c042f0.jpg,640,640,Smash,57,96,513,616
Image-4-_png.rf.84003867236eb6fcffdbc8cf31fd9f98.jpg,640,640,ForehandLift,167,82,611,546
Image-16-_png.rf.8260a2ba4c1415517dc496a190c28f72.jpg,640,640,BackhandLift,43,113,580,520
Screenshot-2024-07-05-203607_png.rf.830fb16401de9aa59dea8fc2f88c3be5.jpg,640,640,BackhandClear,106,190,521,537
WhatsApp-Image-2024-07-06-at-2-05-11-AM_jpeg.rf.83ec79be87f0af348680a891b33df997.jpg,640,640,ReadyPosition,308,85,488,565
Screenshot-2024-07-05-210102_png.rf.83a54dcb6503c355b0ba9f9c273094e8.jpg,640,640,ReadyPosition,192,116,516,576
Image-2-_png.rf.8405db3562ab5105310aa8012d73fa64.jpg,640,640,ForehandClear,126,150,454,636
image-23-_png.rf.81b656832b556853a081e9bdc659a5f9.jpg,640,640,BackhandLift,251,193,430,471
WhatsApp-Image-2024-07-06-at-2-05-00-AM-1-_jpeg.rf.7ded9c3c207b5eb900ecd5881242e62a.jpg,640,640,BackhandLift,272,130,396,538
Image-23-_png.rf.810b8d9d089d85af7eb009997a46e2c6.jpg,640,640,ForehandClear,155,53,492,624
Image-9-_png.rf.7d2e13f7763cbb6dfecdee42f8064672.jpg,640,640,ForehandLift,203,108,490,536
lift-forehand-side-view-3-94-_jpg.rf.85a6842a57d43d8533c5bf89ed73ca34.jpg,640,640,ForehandLift,45,240,205,504
Screenshot-2024-07-05-211616_png.rf.863285e2ecf789166c3c5cf773276eac.jpg,640,640,ForehandLift,32,121,608,534
WhatsApp-Image-2024-07-06-at-2-05-19-AM_jpeg.rf.845477d1226ded77ca4cc38847e6ec16.jpg,640,640,ForehandClear,229,165,391,596
clear-forehand_055_jpg.rf.8669cf45f6739468cfd2d0897a2a469b.jpg,640,640,ForehandClear,117,175,276,476
Screenshot-2024-07-05-210945_png.rf.850f248a83601e0a7a219fd6c28f941f.jpg,640,640,BackhandServe,206,48,558,580
lift-forehand-side-view-25-_jpg.rf.8607e30ae202dff5f31e9577feb8fa7f.jpg,640,640,ForehandLift,127,198,276,441
Screenshot-2024-07-05-203607_png.rf.87ec507c3935a018636720c9840c4739.jpg,640,640,BackhandClear,106,190,521,537
Image-14-_png.rf.832c9b7536c35ff490fee29e08e64b0e.jpg,640,640,BackhandClear,146,11,490,640
Image-17-_png.rf.86b2d0f7bccb8cf8d7b9b8e2cf6202a3.jpg,640,640,ForehandLift,135,189,629,621
Screenshot-2024-07-05-205732_png.rf.86c9e2a3551490a21ac4e4ff27e52a98.jpg,640,640,BackhandServe,266,100,523,586
Screenshot-2024-07-05-210333_png.rf.85fa83f63953832370e52429e06e11db.jpg,640,640,BackhandLift,240,140,508,496
Image-30-_png.rf.88c5818728038c06c915dbe0da498be2.jpg,640,640,ForehandLift,173,117,619,530
WhatsApp-Image-2024-07-06-at-2-05-23-AM_jpeg.rf.876fcda6ff2b305a382b32e3ac9dea1d.jpg,640,640,BackhandServe,236,42,497,585
Screenshot-2024-07-05-210333_png.rf.861757bcc9d4a7b44a5afa17c110aa32.jpg,640,640,BackhandLift,240,140,508,496
Screenshot-2024-07-05-211411_png.rf.88b7b8a2b2e271a85c6088079cde822b.jpg,640,640,BackhandLift,238,118,585,535
Image-12-_png.rf.889d3abd0de6839639af6b45fc596621.jpg,640,640,ForehandClear,28,28,608,640
Image-43-_png.rf.891a5e106bc7f77842ef9a5cae8ba20e.jpg,640,640,Smash,209,170,399,416
clear-forehand-7-_jpg.rf.87fc198539c6708c4d7935fdb143bd37.jpg,640,640,ForehandClear,111,180,302,480
Screenshot-2024-07-05-211054_png.rf.8467e38ccb0c2eece65cffef9741a208.jpg,640,640,ForehandClear,129,40,462,626
WhatsApp-Image-2024-07-06-at-2-05-23-AM_jpeg.rf.80ac6dfd0957d487464a4a0afebac9b6.jpg,640,640,BackhandServe,236,42,497,585
lift-forehand-side-view-3-93-_jpg.rf.8829088604b479f7526951d4cbf4438d.jpg,640,640,ForehandLift,88,221,232,458